ID,Location,Price,Experience,Other
183,3,3,2,3
212,1,1,1,1
1067,1,1,1,1
1265,2,2,2,2
1412,2,2,1,2
1659,2,2,2,2
1780,2,2,2,2
2311,1,1,1,1
2763,1,1,1,1
3066,1,1,1,1
3103,5,4,3,4
3538,2,1,1,1
3895,3,2,2,2
4068,5,4,3,4
4223,4,4,3,4
4308,5,4,3,4
4353,2,2,2,2
4971,5,4,3,4
5005,1,1,1,1
5316,3,2,2,2
5462,5,4,3,4
5858,1,1,1,1
5861,1,1,1,1
6017,1,1,1,1
6452,4,3,3,3
6730,4,3,3,3
6932,5,4,3,4
6947,4,4,3,4
7044,3,3,2,3
7425,5,4,3,4
7776,3,2,2,2
7802,5,4,3,4
8544,3,2,2,2
8815,5,4,3,4
8820,4,3,2,3
8872,2,2,1,2
8911,3,3,2,3
8954,5,4,3,4
9012,5,4,3,4
9100,4,3,2,3
9140,3,3,2,3
9514,5,4,3,4
10874,4,4,3,4
11030,3,3,2,3
11671,5,4,3,4
11700,1,1,1,1
11945,4,3,3,3
13164,4,4,3,4
13330,5,4,3,4
13382,2,2,2,2
13610,4,4,3,4
13853,5,4,3,4
14786,5,4,3,4
15046,5,4,3,4
15456,4,3,3,3
15840,1,1,1,1
15925,4,3,3,3
16413,5,4,3,4
16705,5,4,3,4
17264,1,1,1,1
17731,1,1,1,1
17784,1,1,1,1
18002,4,4,3,4
18304,3,3,2,3
18451,1,1,1,1
18729,2,2,1,2
18903,2,2,1,2
18908,5,4,3,4
20185,3,3,2,3
20214,4,3,2,3
20331,4,3,3,3
20795,5,4,3,4
20882,4,3,3,3
21558,4,3,2,3
21714,4,4,3,4
22896,1,1,1,1
22979,4,3,3,3
23433,2,2,2,2
23913,1,1,1,1
23979,5,4,3,4
23992,5,4,3,4
25199,5,4,3,4
25552,2,2,1,2
25985,5,4,3,4
26419,3,3,2,3
26815,2,2,1,2
26846,5,4,3,4
26916,5,4,3,4
27284,5,4,3,4
28763,1,1,1,1
29332,2,2,1,2
29381,5,4,3,4
29557,5,4,3,4
29621,3,2,2,2
29823,3,3,2,3
30282,1,1,1,1
30728,1,1,1,1
31369,2,1,1,1
31391,5,4,3,4
31655,2,2,2,2
31756,4,4,3,4
32147,3,2,2,2
32152,5,4,3,4
32241,2,2,2,2
32260,2,2,2,2
32347,3,3,2,3
32747,1,1,1,1
33148,4,3,2,3
33724,3,3,2,3
33974,3,3,2,3
34200,2,2,1,2
34246,1,1,1,1
34577,5,4,3,4
34802,1,1,1,1
34939,2,2,1,2
34998,2,2,1,2
35092,2,2,1,2
35113,3,2,2,2
35501,4,4,3,4
35903,4,4,3,4
35914,4,4,3,4
36192,2,2,1,2
36221,2,1,1,1
36281,5,4,3,4
36309,1,1,1,1
36745,3,3,2,3
37270,2,2,2,2
37468,3,3,2,3
37530,4,4,3,4
37540,4,4,3,4
37927,1,1,1,1
38198,3,2,2,2
38211,5,4,3,4
38939,4,3,3,3
39071,5,4,3,4
39281,3,3,2,3
39379,2,2,2,2
39511,4,3,2,3
39837,1,1,1,1
40109,5,4,3,4
40371,3,3,2,3
40420,5,4,3,4
40597,1,1,1,1
40784,3,3,2,3
41080,3,3,2,3
41763,1,1,1,1
42106,2,2,2,2
43043,1,1,1,1
43075,4,4,3,4
43290,4,3,2,3
43351,3,3,2,3
43527,3,3,2,3
43564,2,2,1,2
43601,3,2,2,2
45076,4,3,3,3
45611,1,1,1,1
45710,4,3,3,3
45961,3,2,2,2
46728,5,4,3,4
46881,1,1,1,1
47093,1,1,1,1
47187,2,2,1,2
47317,4,3,2,3
47377,5,4,3,4
47554,5,4,3,4
48749,1,1,1,1
48874,5,4,3,4
48969,5,4,3,4
49609,5,4,3,4
50263,1,1,1,1
50922,5,4,3,4
51172,2,2,2,2
51573,1,1,1,1
52294,5,4,3,4
52505,1,1,1,1
53114,2,2,2,2
53140,5,4,3,4
53265,3,3,2,3
53549,5,4,3,4
53555,1,1,1,1
54090,2,1,1,1
55220,1,1,1,1
55252,1,1,1,1
55254,4,3,3,3
55337,1,1,1,1
55746,3,3,2,3
56265,4,4,3,4
56511,3,2,2,2
57226,1,1,1,1
57444,1,1,1,1
58078,3,3,2,3
58304,5,4,3,4
58352,1,1,1,1
58353,4,3,2,3
58879,3,3,2,3
58883,1,1,1,1
58976,4,3,3,3
59287,3,2,2,2
59388,2,2,2,2
59531,1,1,1,1
60079,1,1,1,1
60466,4,3,2,3
60583,5,4,3,4
60594,2,2,1,2
60710,3,2,2,2
60916,1,1,1,1
60963,4,4,3,4
61473,5,4,3,4
62033,1,1,1,1
62792,5,4,3,4
63267,2,2,2,2
63323,3,3,2,3
63376,1,1,1,1
63605,3,3,2,3
63645,3,3,2,3
63787,1,1,1,1
64292,1,1,1,1
64331,3,3,2,3
64872,4,3,3,3
64938,3,2,2,2
65145,4,3,3,3
65165,4,3,2,3
65506,1,1,1,1
65853,3,3,2,3
66059,4,3,2,3
66131,2,1,1,1
66201,5,4,3,4
66393,1,1,1,1
66684,5,4,3,4
68029,4,3,2,3
68114,5,4,3,4
68220,1,1,1,1
68335,1,1,1,1
68500,4,3,3,3
68997,2,2,1,2
69206,4,3,2,3
69214,4,3,3,3
69647,4,3,3,3
70821,2,1,1,1
71074,5,4,3,4
71476,5,4,3,4
71496,5,4,3,4
72542,4,3,2,3
72780,5,4,3,4
73959,2,2,1,2
74009,3,2,2,2
74161,4,3,2,3
74447,2,2,2,2
74477,3,3,2,3
75747,2,1,1,1
75781,5,4,3,4
75921,3,3,2,3
76102,2,2,1,2
76544,1,1,1,1
76829,1,1,1,1
76958,4,3,3,3
77025,5,4,3,4
77168,3,2,2,2
77789,4,4,3,4
78332,5,4,3,4
79068,5,4,3,4
79243,2,1,1,1
80519,4,3,3,3
80936,5,4,3,4
81516,5,4,3,4
81598,2,2,2,2
81704,3,2,2,2
81787,5,4,3,4
82367,2,2,1,2
82591,1,1,1,1
82734,3,2,2,2
83148,4,4,3,4
83340,1,1,1,1
83652,5,4,3,4
83789,4,3,2,3
83847,5,4,3,4
83962,3,2,2,2
84048,1,1,1,1
84067,5,4,3,4
84127,2,2,1,2
84327,5,4,3,4
84437,3,3,2,3
84504,1,1,1,1
84834,3,3,2,3
84858,5,4,3,4
84980,1,1,1,1
85575,5,4,3,4
85619,4,3,3,3
85659,3,3,2,3
85731,2,2,1,2
85971,4,4,3,4
85991,2,2,1,2
86590,4,3,2,3
86611,4,3,3,3
86801,5,4,3,4
87711,2,2,2,2
88144,5,4,3,4
88165,4,3,2,3
89327,3,2,2,2
89337,1,1,1,1
90228,3,3,2,3
90672,1,1,1,1
90909,3,2,2,2
90930,3,3,2,3
90978,3,2,2,2
91637,2,1,1,1
91880,3,3,2,3
91973,5,4,3,4
91985,5,4,3,4
92076,3,3,2,3
92576,3,2,2,2
92666,4,3,3,3
92966,3,2,2,2
93605,3,2,2,2
93786,2,1,1,1
93805,1,1,1,1
93926,2,2,2,2
94276,4,4,3,4
94331,3,3,2,3
94618,4,3,3,3
94894,4,3,3,3
95831,5,4,3,4
95860,1,1,1,1
96204,4,3,3,3
96448,3,2,2,2
97050,3,3,2,3
97289,5,4,3,4
97296,3,3,2,3
97333,2,2,1,2
97714,4,4,3,4
98642,1,1,1,1
98716,2,2,2,2
99148,5,4,3,4
99543,1,1,1,1
99557,3,2,2,2
99903,3,3,2,3
100307,4,4,3,4
100398,5,4,3,4
101010,2,1,1,1
101191,5,4,3,4
101279,5,4,3,4
101757,2,2,1,2
101817,3,2,2,2
101820,4,3,2,3
102055,1,1,1,1
102081,5,4,3,4
102201,1,1,1,1
102588,1,1,1,1
102851,1,1,1,1
103060,4,3,3,3
103312,1,1,1,1
103602,1,1,1,1
104173,4,3,3,3
104240,1,1,1,1
104456,1,1,1,1
104562,2,2,2,2
104614,4,3,3,3
105263,5,4,3,4
105311,5,4,3,4
105344,3,2,2,2
105400,2,2,1,2
105804,3,3,2,3
106398,1,1,1,1
106538,4,3,3,3
106713,3,3,2,3
106722,4,3,2,3
107100,5,4,3,4
107409,3,2,2,2
107539,1,1,1,1
108728,1,1,1,1
108781,3,2,2,2
108821,3,2,2,2
108855,1,1,1,1
108989,4,3,2,3
109378,4,4,3,4
110123,1,1,1,1
110185,2,2,1,2
110205,3,2,2,2
110549,5,4,3,4
110597,3,3,2,3
110851,1,1,1,1
111332,3,2,2,2
111504,2,1,1,1
111679,4,4,3,4
111906,5,4,3,4
112056,1,1,1,1
112064,3,2,2,2
112155,2,1,1,1
112726,5,4,3,4
112952,3,2,2,2
113139,1,1,1,1
113242,2,2,2,2
113522,2,2,1,2
113529,2,2,2,2
113605,2,1,1,1
113708,1,1,1,1
113863,1,1,1,1
114142,1,1,1,1
114599,5,4,3,4
114601,1,1,1,1
114763,1,1,1,1
115112,1,1,1,1
115493,2,2,1,2
115671,4,3,3,3
115910,5,4,3,4
116055,5,4,3,4
116083,4,3,3,3
116193,3,3,2,3
116200,2,2,2,2
116265,3,2,2,2
116319,5,4,3,4
116385,1,1,1,1
116883,4,4,3,4
117022,3,2,2,2
117171,3,2,2,2
117415,2,2,1,2
118006,4,3,2,3
118070,5,4,3,4
118308,5,4,3,4
118459,3,3,2,3
119125,2,2,2,2
119540,2,2,2,2
119865,4,3,2,3
119881,2,1,1,1
120125,2,2,1,2
120293,3,3,2,3
120318,5,4,3,4
121697,5,4,3,4
121759,1,1,1,1
121766,2,1,1,1
121823,1,1,1,1
121979,2,2,1,2
122400,1,1,1,1
122415,3,3,2,3
122624,3,2,2,2
122684,5,4,3,4
122983,1,1,1,1
123136,1,1,1,1
123476,4,3,2,3
123723,4,3,3,3
123935,3,2,2,2
124192,4,4,3,4
124245,1,1,1,1
124479,3,2,2,2
124535,4,3,3,3
124694,3,3,2,3
124850,3,3,2,3
125849,4,4,3,4
126070,3,2,2,2
126256,2,2,1,2
126508,4,3,3,3
126554,5,4,3,4
127258,5,4,3,4
127593,3,2,2,2
127818,3,3,2,3
128015,2,2,1,2
128244,4,3,3,3
128491,2,2,2,2
128812,3,2,2,2
129455,4,3,2,3
129777,2,2,2,2
129884,3,2,2,2
130008,4,4,3,4
130205,2,1,1,1
130311,3,3,2,3
130695,4,4,3,4
130765,3,2,2,2
130770,4,3,3,3
131229,4,4,3,4
131267,5,4,3,4
131272,1,1,1,1
131854,5,4,3,4
131910,2,2,1,2
131947,5,4,3,4
132588,3,3,2,3
132618,4,3,2,3
132876,2,1,1,1
132947,3,3,2,3
133041,1,1,1,1
133997,4,4,3,4
134228,3,2,2,2
134716,1,1,1,1
135022,3,3,2,3
135569,2,1,1,1
135642,3,3,2,3
135679,4,3,3,3
136388,4,4,3,4
136551,5,4,3,4
136840,3,2,2,2
137442,3,3,2,3
137717,5,4,3,4
137752,3,3,2,3
138106,5,4,3,4
138112,5,4,3,4
138425,2,2,2,2
138829,3,2,2,2
139045,5,4,3,4
139356,1,1,1,1
139646,2,2,1,2
139897,4,3,2,3
140218,5,4,3,4
140316,1,1,1,1
140584,2,2,1,2
141339,5,4,3,4
141709,2,1,1,1
141786,4,3,2,3
141870,2,2,1,2
142065,3,2,2,2
142656,5,4,3,4
142714,1,1,1,1
142737,3,2,2,2
142830,3,2,2,2
144001,1,1,1,1
144118,2,2,1,2
144265,3,2,2,2
144462,2,2,1,2
144794,4,3,2,3
144894,1,1,1,1
145118,4,3,2,3
146152,2,1,1,1
146271,1,1,1,1
146546,4,4,3,4
147100,2,1,1,1
147328,4,3,3,3
147774,4,4,3,4
147829,3,2,2,2
148979,5,4,3,4
149206,4,4,3,4
149301,5,4,3,4
150092,5,4,3,4
150096,5,4,3,4
150769,2,1,1,1
151011,4,3,3,3
151183,1,1,1,1
151258,5,4,3,4
151421,3,2,2,2
151426,4,3,3,3
151436,3,2,2,2
151533,1,1,1,1
151706,3,3,2,3
152005,5,4,3,4
152023,5,4,3,4
154248,2,1,1,1
154257,3,3,2,3
154340,4,3,2,3
154598,5,4,3,4
154734,4,3,3,3
155199,1,1,1,1
155609,4,4,3,4
156354,1,1,1,1
156655,1,1,1,1
157094,5,4,3,4
157814,2,1,1,1
157902,3,3,2,3
158433,5,4,3,4
158967,5,4,3,4
158970,3,3,2,3
159106,1,1,1,1
159110,4,3,2,3
160025,1,1,1,1
160097,3,3,2,3
161819,4,4,3,4
162385,3,3,2,3
163288,5,4,3,4
163554,5,4,3,4
163626,4,4,3,4
163983,2,2,1,2
164086,1,1,1,1
164156,4,3,3,3
164398,5,4,3,4
164441,4,3,2,3
165023,5,4,3,4
165644,3,3,2,3
165647,1,1,1,1
165677,3,2,2,2
165717,2,1,1,1
165832,5,4,3,4
165851,1,1,1,1
165853,3,3,2,3
167805,4,4,3,4
168011,2,2,1,2
168420,5,4,3,4
168638,2,1,1,1
168725,5,4,3,4
168984,1,1,1,1
169384,1,1,1,1
169436,3,3,2,3
169629,1,1,1,1
169743,1,1,1,1
169921,5,4,3,4
169927,5,4,3,4
170333,3,2,2,2
170873,1,1,1,1
171001,2,2,2,2
171316,2,2,2,2
171365,2,2,2,2
171405,2,1,1,1
171564,2,2,1,2
171688,4,3,3,3
172418,3,3,2,3
173302,3,3,2,3
173567,4,3,3,3
174025,4,3,3,3
174118,5,4,3,4
174131,1,1,1,1
174217,2,2,2,2
174240,1,1,1,1
174447,2,2,1,2
174574,1,1,1,1
174591,3,2,2,2
174712,5,4,3,4
174738,3,3,2,3
175046,4,4,3,4
175205,5,4,3,4
175626,2,2,2,2
175654,4,3,2,3
175665,3,2,2,2
175801,1,1,1,1
176000,3,3,2,3
176113,3,2,2,2
176180,3,2,2,2
176218,5,4,3,4
176232,5,4,3,4
176267,4,3,3,3
176654,4,3,2,3
177308,5,4,3,4
177888,1,1,1,1
178323,2,2,2,2
179131,2,2,1,2
179133,4,4,3,4
179173,3,2,2,2
179417,4,3,3,3
179448,4,3,2,3
179620,3,2,2,2
179888,3,2,2,2
179949,4,4,3,4
180113,2,2,1,2
180409,4,3,3,3
180426,4,3,2,3
180572,3,3,2,3
180905,3,3,2,3
181261,3,2,2,2
181541,2,2,1,2
181626,1,1,1,1
181923,4,3,2,3
181987,4,3,2,3
182452,4,3,3,3
182677,2,2,1,2
182714,5,4,3,4
182860,2,2,2,2
183173,5,4,3,4
183290,4,3,3,3
183743,4,3,2,3
183867,5,4,3,4
183952,2,2,1,2
184069,1,1,1,1
185502,1,1,1,1
185924,3,3,2,3
186001,1,1,1,1
186116,2,2,2,2
186229,1,1,1,1
186663,1,1,1,1
186684,4,4,3,4
187174,2,2,1,2
187348,1,1,1,1
187865,3,2,2,2
187942,4,4,3,4
189304,4,3,2,3
189987,4,3,3,3
190050,4,3,3,3
190239,1,1,1,1
190258,1,1,1,1
190706,5,4,3,4
191161,5,4,3,4
191171,1,1,1,1
191639,5,4,3,4
192210,1,1,1,1
193361,1,1,1,1
194229,1,1,1,1
194338,1,1,1,1
194432,3,2,2,2
194528,5,4,3,4
194764,3,3,2,3
194907,3,2,2,2
194952,4,3,3,3
195026,4,3,2,3
195461,2,1,1,1
195509,1,1,1,1
195619,2,1,1,1
195947,2,2,2,2
196386,4,3,2,3
196800,3,2,2,2
196833,4,4,3,4
196916,2,2,1,2
197101,3,2,2,2
197743,5,4,3,4
197749,4,3,3,3
197917,5,4,3,4
198121,2,2,2,2
198128,2,2,1,2
198229,3,3,2,3
198441,4,3,2,3
198697,5,4,3,4
198770,3,3,2,3
198777,1,1,1,1
199014,4,3,3,3
199533,1,1,1,1
199785,1,1,1,1
199819,5,4,3,4
200543,5,4,3,4
200914,4,4,3,4
200967,4,3,3,3
200977,2,1,1,1
201094,5,4,3,4
201516,4,3,3,3
201555,3,2,2,2
202469,5,4,3,4
202510,5,4,3,4
202708,5,4,3,4
202894,4,3,3,3
203931,3,3,2,3
204020,1,1,1,1
204056,4,3,3,3
204171,5,4,3,4
204767,2,1,1,1
204808,2,2,2,2
204866,4,3,2,3
205270,2,2,2,2
205479,4,3,3,3
205613,3,2,2,2
205860,3,2,2,2
208085,1,1,1,1
208141,2,2,2,2
208498,3,3,2,3
208636,4,3,2,3
209531,1,1,1,1
209644,2,1,1,1
209677,3,3,2,3
209718,4,3,3,3
210342,1,1,1,1
210389,5,4,3,4
210625,3,2,2,2
210755,4,4,3,4
210781,1,1,1,1
210937,3,2,2,2
210984,4,3,3,3
211032,3,2,2,2
211073,3,2,2,2
211588,4,3,3,3
212534,2,2,1,2
212706,3,2,2,2
212911,5,4,3,4
213694,1,1,1,1
213722,3,2,2,2
214001,3,2,2,2
214047,3,3,2,3
214261,5,4,3,4
214436,5,4,3,4
214836,3,2,2,2
214842,3,3,2,3
215120,4,4,3,4
216030,5,4,3,4
216629,1,1,1,1
217193,2,2,2,2
217511,2,1,1,1
217882,4,3,3,3
217990,2,1,1,1
218021,4,3,3,3
218144,2,2,1,2
218392,5,4,3,4
218625,1,1,1,1
218732,4,3,3,3
218998,1,1,1,1
219298,3,3,2,3
220062,4,4,3,4
220195,5,4,3,4
220255,1,1,1,1
220297,4,3,2,3
220478,3,2,2,2
220612,5,4,3,4
221103,4,3,2,3
221106,5,4,3,4
221180,2,2,1,2
221475,5,4,3,4
221483,2,2,1,2
221768,1,1,1,1
222093,3,2,2,2
222323,4,3,3,3
222604,1,1,1,1
223165,5,4,3,4
223341,3,2,2,2
223539,1,1,1,1
224249,4,4,3,4
224383,3,2,2,2
225330,1,1,1,1
225386,2,2,1,2
226013,2,2,1,2
226570,1,1,1,1
226592,4,4,3,4
226737,3,3,2,3
227095,1,1,1,1
227097,5,4,3,4
227197,2,1,1,1
227961,5,4,3,4
228808,3,2,2,2
228940,5,4,3,4
228952,3,3,2,3
229051,2,2,2,2
229846,1,1,1,1
230004,4,3,2,3
230229,2,2,1,2
231919,3,3,2,3
232120,5,4,3,4
232194,2,1,1,1
232342,3,3,2,3
232590,1,1,1,1
232805,3,2,2,2
233202,2,2,1,2
233637,2,2,1,2
234249,5,4,3,4
234397,3,3,2,3
234796,3,3,2,3
235110,2,2,1,2
235560,3,3,2,3
235626,2,2,1,2
235656,1,1,1,1
235793,4,3,2,3
235814,4,3,3,3
236382,4,3,2,3
236576,3,3,2,3
237029,5,4,3,4
237099,3,3,2,3
238206,3,2,2,2
238216,4,4,3,4
238292,1,1,1,1
238358,1,1,1,1
238409,1,1,1,1
238668,4,3,2,3
238844,4,3,3,3
239185,4,3,2,3
239305,4,4,3,4
239571,4,3,2,3
240472,2,2,1,2
240599,4,3,2,3
240677,4,3,2,3
240704,4,3,3,3
241121,4,3,3,3
241122,4,3,3,3
241264,5,4,3,4
241517,5,4,3,4
241995,1,1,1,1
242116,3,3,2,3
242263,5,4,3,4
242553,1,1,1,1
242994,1,1,1,1
243129,2,2,1,2
244513,1,1,1,1
244726,1,1,1,1
245010,1,1,1,1
245543,3,3,2,3
245938,4,3,3,3
245943,3,2,2,2
246055,3,3,2,3
246588,5,4,3,4
246710,1,1,1,1
246729,4,4,3,4
248071,5,4,3,4
248479,4,3,2,3
249203,2,2,2,2
249572,4,3,2,3
250010,2,1,1,1
250344,4,4,3,4
250808,1,1,1,1
253502,3,2,2,2
253962,2,1,1,1
254168,3,2,2,2
254471,1,1,1,1
254523,3,3,2,3
254546,4,3,2,3
254577,3,2,2,2
254987,3,2,2,2
255201,1,1,1,1
255620,5,4,3,4
255826,1,1,1,1
256441,3,3,2,3
257452,3,3,2,3
257518,2,2,1,2
258006,4,3,2,3
258211,2,1,1,1
258258,5,4,3,4
258861,1,1,1,1
259430,3,2,2,2
259524,3,3,2,3
260143,1,1,1,1
260874,3,3,2,3
261088,2,2,1,2
261263,3,2,2,2
262361,3,3,2,3
263516,5,4,3,4
263941,4,4,3,4
264907,5,4,3,4
265336,4,3,3,3
265372,3,2,2,2
265723,2,2,1,2
265880,3,3,2,3
266615,5,4,3,4
266634,5,4,3,4
266795,4,4,3,4
266873,4,4,3,4
266883,4,3,2,3
266920,5,4,3,4
267181,1,1,1,1
267197,1,1,1,1
267294,3,3,2,3
267361,1,1,1,1
267552,2,1,1,1
267900,2,2,1,2
267979,2,2,1,2
268054,1,1,1,1
268173,4,3,3,3
268524,5,4,3,4
268677,3,3,2,3
268691,3,2,2,2
268847,5,4,3,4
268947,3,2,2,2
269010,2,1,1,1
269138,4,3,2,3
269160,3,2,2,2
269249,1,1,1,1
269309,1,1,1,1
270183,5,4,3,4
270314,1,1,1,1
270423,3,2,2,2
270745,5,4,3,4
270955,2,2,2,2
271101,2,2,1,2
271425,4,3,3,3
271427,1,1,1,1
271768,4,3,3,3
271806,5,4,3,4
272209,3,2,2,2
272316,3,2,2,2
272576,3,2,2,2
272801,3,3,2,3
272879,5,4,3,4
273092,4,3,2,3
273155,3,2,2,2
273359,4,3,3,3
273591,5,4,3,4
273792,4,3,3,3
273880,5,4,3,4
274058,1,1,1,1
274715,1,1,1,1
275057,2,2,1,2
275315,5,4,3,4
275891,5,4,3,4
275921,5,4,3,4
276081,2,2,2,2
276120,5,4,3,4
276259,2,2,1,2
277068,2,1,1,1
277085,3,3,2,3
277338,2,2,1,2
277376,1,1,1,1
277438,1,1,1,1
277487,3,3,2,3
277742,4,3,2,3
278228,2,2,2,2
278397,3,3,2,3
278540,5,4,3,4
278544,5,4,3,4
278960,3,2,2,2
279240,5,4,3,4
279311,5,4,3,4
279387,5,4,3,4
279646,5,4,3,4
279973,3,3,2,3
280140,3,3,2,3
280209,2,2,1,2
280639,3,2,2,2
281345,2,2,1,2
281692,4,3,3,3
281757,5,4,3,4
282052,1,1,1,1
282069,5,4,3,4
282285,4,4,3,4
283064,2,2,2,2
283909,2,2,2,2
283918,1,1,1,1
284126,5,4,3,4
284175,3,3,2,3
284227,2,2,1,2
285114,3,3,2,3
285245,1,1,1,1
286024,3,2,2,2
286199,4,3,2,3
286654,5,4,3,4
286886,1,1,1,1
287479,4,3,3,3
287510,2,1,1,1
288080,1,1,1,1
288092,3,3,2,3
288176,4,4,3,4
288200,3,2,2,2
289607,3,3,2,3
289670,3,3,2,3
290332,2,2,1,2
290403,3,3,2,3
290830,4,3,2,3
291079,3,2,2,2
291502,4,3,2,3
291912,2,2,2,2
292003,3,3,2,3
292368,1,1,1,1
292774,4,3,2,3
293191,1,1,1,1
293456,4,3,2,3
293764,5,4,3,4
293784,2,2,2,2
294459,5,4,3,4
294509,4,3,3,3
294539,2,2,1,2
295000,4,3,2,3
295110,3,3,2,3
295387,2,2,2,2
295876,5,4,3,4
295968,2,2,1,2
296172,5,4,3,4
296390,5,4,3,4
296764,3,2,2,2
298343,2,2,2,2
298617,5,4,3,4
299061,3,2,2,2
299235,4,3,3,3
299847,4,3,3,3
300243,2,2,1,2
300253,1,1,1,1
300525,1,1,1,1
301055,2,2,1,2
301083,4,3,2,3
301523,4,3,3,3
301581,4,3,3,3
301632,5,4,3,4
301776,3,3,2,3
302069,1,1,1,1
302357,1,1,1,1
302417,2,1,1,1
302500,2,1,1,1
302595,1,1,1,1
302648,5,4,3,4
302942,2,2,1,2
303023,4,3,3,3
303472,4,3,2,3
303852,5,4,3,4
304044,5,4,3,4
305254,1,1,1,1
305280,1,1,1,1
305767,4,4,3,4
305882,2,1,1,1
306640,1,1,1,1
307032,4,3,3,3
307211,2,2,1,2
307571,4,3,3,3
307966,4,3,3,3
308113,2,2,2,2
308340,2,2,1,2
308469,1,1,1,1
308485,5,4,3,4
308563,1,1,1,1
308656,5,4,3,4
309165,1,1,1,1
309716,5,4,3,4
310056,5,4,3,4
310113,2,2,1,2
310165,4,3,2,3
310279,3,2,2,2
311000,2,2,2,2
311328,5,4,3,4
311503,2,2,2,2
311693,1,1,1,1
311866,2,2,1,2
311972,2,2,1,2
312024,4,3,3,3
312052,5,4,3,4
312331,2,2,2,2
312419,3,2,2,2
312484,2,2,2,2
312615,3,3,2,3
312721,5,4,3,4
312761,3,2,2,2
313655,5,4,3,4
313881,2,1,1,1
314083,2,1,1,1
314648,2,2,1,2
314722,3,2,2,2
314955,2,1,1,1
315605,4,3,3,3
316224,3,3,2,3
316800,3,3,2,3
316894,4,4,3,4
317139,1,1,1,1
317265,4,3,3,3
317342,5,4,3,4
317359,5,4,3,4
317520,1,1,1,1
318408,1,1,1,1
318476,4,3,3,3
319372,5,4,3,4
319833,1,1,1,1
320237,3,2,2,2
320905,1,1,1,1
321034,3,2,2,2
321292,1,1,1,1
321313,1,1,1,1
321363,5,4,3,4
321438,4,3,2,3
321646,4,4,3,4
321805,2,2,1,2
322087,1,1,1,1
322093,5,4,3,4
322165,3,3,2,3
322595,1,1,1,1
322739,5,4,3,4
322881,3,3,2,3
323002,4,3,3,3
323028,1,1,1,1
324006,2,1,1,1
325015,4,4,3,4
325120,4,3,2,3
325407,3,3,2,3
325994,2,2,1,2
326538,1,1,1,1
327248,5,4,3,4
327371,1,1,1,1
327469,2,1,1,1
327897,3,2,2,2
327923,1,1,1,1
328191,5,4,3,4
328518,1,1,1,1
328810,2,2,1,2
328941,2,2,1,2
328974,1,1,1,1
329079,2,2,1,2
329453,2,2,1,2
329518,5,4,3,4
329574,4,3,3,3
330117,5,4,3,4
330285,2,2,1,2
330322,3,3,2,3
330619,1,1,1,1
330645,2,2,2,2
331226,2,1,1,1
331239,3,2,2,2
332057,4,3,3,3
332104,3,2,2,2
332458,1,1,1,1
333369,3,2,2,2
333612,2,2,2,2
333637,5,4,3,4
333639,1,1,1,1
334969,2,2,2,2
335289,5,4,3,4
335444,1,1,1,1
335590,4,4,3,4
335678,2,2,2,2
335877,1,1,1,1
335919,2,2,2,2
336491,5,4,3,4
336541,3,3,2,3
336709,2,2,1,2
337160,4,3,2,3
337457,2,1,1,1
337788,4,4,3,4
337899,4,4,3,4
338106,4,3,3,3
338793,4,4,3,4
338810,5,4,3,4
339012,3,2,2,2
339039,1,1,1,1
339224,1,1,1,1
339384,4,3,2,3
340705,2,2,1,2
341261,5,4,3,4
341609,3,3,2,3
341928,3,2,2,2
341970,3,3,2,3
342575,2,2,1,2
343668,5,4,3,4
343732,1,1,1,1
343887,5,4,3,4
343896,5,4,3,4
344717,1,1,1,1
344889,1,1,1,1
344927,5,4,3,4
345058,4,3,2,3
345085,1,1,1,1
345104,5,4,3,4
345150,2,2,2,2
345306,3,3,2,3
345504,3,3,2,3
345760,5,4,3,4
346626,4,3,2,3
346729,4,3,3,3
347417,5,4,3,4
348732,1,1,1,1
349213,2,2,1,2
349319,4,3,2,3
349615,2,1,1,1
349657,2,1,1,1
349935,1,1,1,1
350067,2,2,1,2
350182,4,3,3,3
350321,5,4,3,4
351829,3,3,2,3
351990,3,2,2,2
352215,4,3,3,3
352845,4,3,3,3
353378,5,4,3,4
353486,5,4,3,4
353984,2,2,1,2
354509,2,2,1,2
354623,3,2,2,2
354706,2,2,1,2
354834,2,2,1,2
355191,1,1,1,1
355200,4,3,3,3
355608,4,3,2,3
355615,1,1,1,1
355717,1,1,1,1
355895,4,3,2,3
356615,2,2,1,2
357710,2,2,2,2
357985,4,3,3,3
358917,4,4,3,4
359743,5,4,3,4
361011,5,4,3,4
361265,1,1,1,1
361630,3,2,2,2
362526,5,4,3,4
362616,1,1,1,1
362879,1,1,1,1
363371,3,3,2,3
363406,2,1,1,1
364990,3,2,2,2
365779,3,3,2,3
366235,2,2,2,2
367150,3,3,2,3
367315,4,3,3,3
367356,3,2,2,2
367514,5,4,3,4
367893,5,4,3,4
367972,5,4,3,4
368109,2,2,2,2
368312,3,2,2,2
369426,5,4,3,4
369710,4,4,3,4
370250,4,4,3,4
370817,4,3,3,3
371022,3,2,2,2
371293,5,4,3,4
371552,3,2,2,2
372186,1,1,1,1
372221,2,1,1,1
372268,4,3,3,3
372349,5,4,3,4
372372,3,2,2,2
372641,3,2,2,2
373370,3,2,2,2
373379,1,1,1,1
373446,4,3,2,3
373507,2,2,2,2
373741,2,2,2,2
373780,2,2,2,2
373857,5,4,3,4
374175,3,2,2,2
374395,3,3,2,3
374734,2,2,1,2
375005,2,2,2,2
375064,1,1,1,1
375212,2,2,2,2
375232,5,4,3,4
375233,2,2,1,2
375254,1,1,1,1
376102,3,3,2,3
376166,5,4,3,4
377217,4,4,3,4
377463,5,4,3,4
377857,4,4,3,4
378373,3,3,2,3
378903,3,3,2,3
379397,2,2,2,2
379671,3,3,2,3
379742,1,1,1,1
379765,2,2,1,2
379772,1,1,1,1
379796,2,2,2,2
380462,1,1,1,1
380584,3,2,2,2
381264,3,2,2,2
381493,3,2,2,2
381581,2,2,1,2
383180,3,3,2,3
383280,4,3,3,3
384140,3,2,2,2
384690,2,1,1,1
385417,1,1,1,1
385432,5,4,3,4
385582,3,2,2,2
385976,3,2,2,2
386139,5,4,3,4
386518,5,4,3,4
386550,3,2,2,2
387117,1,1,1,1
387457,3,3,2,3
387538,3,2,2,2
388676,4,3,2,3
389005,3,3,2,3
389810,3,2,2,2
389932,1,1,1,1
390335,2,2,2,2
391240,2,1,1,1
391379,3,3,2,3
391769,5,4,3,4
391771,4,3,3,3
392800,3,3,2,3
392885,2,2,2,2
392971,5,4,3,4
395307,4,3,3,3
395551,3,2,2,2
396389,2,2,2,2
396490,5,4,3,4
396703,2,2,2,2
397001,3,2,2,2
397299,3,2,2,2
397624,4,3,3,3
397667,5,4,3,4
398946,5,4,3,4
399090,5,4,3,4
399112,1,1,1,1
399417,3,2,2,2
399568,5,4,3,4
399601,5,4,3,4
399814,3,2,2,2
400112,5,4,3,4
400186,5,4,3,4
400363,5,4,3,4
400800,4,3,2,3
401393,5,4,3,4
401553,4,4,3,4
401676,4,3,3,3
401689,3,3,2,3
403187,4,3,3,3
403471,4,3,3,3
403782,4,4,3,4
403914,5,4,3,4
404325,2,1,1,1
404506,5,4,3,4
405168,2,2,1,2
405420,5,4,3,4
405500,2,1,1,1
405675,4,3,3,3
405856,2,1,1,1
405888,2,2,2,2
406038,1,1,1,1
406164,2,2,1,2
406282,3,3,2,3
406608,5,4,3,4
406762,2,2,1,2
406911,2,1,1,1
407107,4,3,3,3
407151,3,2,2,2
407533,4,4,3,4
407782,4,3,3,3
407858,3,3,2,3
407951,1,1,1,1
408031,5,4,3,4
408228,2,2,2,2
408721,1,1,1,1
408802,2,2,1,2
409107,3,3,2,3
410136,4,3,2,3
410640,1,1,1,1
410766,4,3,3,3
410857,1,1,1,1
411153,1,1,1,1
411232,2,2,2,2
411413,2,1,1,1
412019,4,4,3,4
412369,2,2,1,2
413221,5,4,3,4
413385,4,3,2,3
413477,3,3,2,3
413583,2,2,2,2
414116,5,4,3,4
414130,1,1,1,1
414141,4,3,3,3
414573,5,4,3,4
414695,1,1,1,1
415127,4,3,3,3
415253,2,2,1,2
415472,4,3,3,3
415747,1,1,1,1
415903,3,2,2,2
416065,2,2,2,2
416663,1,1,1,1
416758,5,4,3,4
417178,5,4,3,4
417275,1,1,1,1
417394,4,3,3,3
417436,4,3,3,3
417499,4,3,2,3
417517,3,2,2,2
417673,4,3,3,3
418005,4,3,2,3
418055,3,3,2,3
418096,5,4,3,4
418385,5,4,3,4
418437,3,2,2,2
418804,5,4,3,4
418879,5,4,3,4
419862,2,2,2,2
420133,5,4,3,4
420188,1,1,1,1
420276,4,4,3,4
421074,3,2,2,2
421136,2,2,1,2
423121,1,1,1,1
423474,1,1,1,1
423588,3,3,2,3
423607,2,2,1,2
425044,3,2,2,2
425734,4,4,3,4
425891,2,2,1,2
426134,3,3,2,3
426317,1,1,1,1
427176,3,3,2,3
427394,4,3,3,3
427547,3,2,2,2
427822,5,4,3,4
428200,3,2,2,2
428368,4,3,2,3
428387,3,2,2,2
429718,4,3,2,3
430153,5,4,3,4
430166,3,3,2,3
430558,4,3,2,3
430610,5,4,3,4
430807,2,2,1,2
430976,5,4,3,4
430980,3,2,2,2
431113,5,4,3,4
431386,4,3,3,3
431414,2,2,1,2
431975,1,1,1,1
432052,3,3,2,3
432472,3,2,2,2
433001,4,4,3,4
433250,1,1,1,1
433590,4,3,2,3
433631,2,1,1,1
434079,1,1,1,1
434317,2,2,1,2
434604,2,2,2,2
436033,5,4,3,4
436051,3,2,2,2
436447,4,4,3,4
436815,2,2,1,2
436911,1,1,1,1
436969,4,3,2,3
437462,1,1,1,1
438163,4,3,2,3
439187,2,2,2,2
439263,4,4,3,4
439666,2,2,2,2
439668,3,2,2,2
440526,1,1,1,1
440620,4,4,3,4
440691,5,4,3,4
440777,5,4,3,4
441040,1,1,1,1
441066,1,1,1,1
441398,2,2,1,2
442060,2,1,1,1
442773,5,4,3,4
442780,3,2,2,2
442903,3,2,2,2
442931,2,1,1,1
442942,4,3,3,3
443099,3,3,2,3
443173,4,3,2,3
443376,4,3,2,3
443442,3,3,2,3
443532,5,4,3,4
443736,3,3,2,3
444182,2,2,2,2
444629,5,4,3,4
444836,4,3,2,3
445776,3,3,2,3
445809,1,1,1,1
446277,4,4,3,4
446542,2,2,2,2
446626,3,2,2,2
447125,5,4,3,4
447336,3,3,2,3
447378,3,2,2,2
447923,1,1,1,1
449293,5,4,3,4
449509,2,2,2,2
449625,4,4,3,4
449886,3,3,2,3
449970,5,4,3,4
450563,4,3,3,3
450571,3,3,2,3
451300,2,2,1,2
451626,3,2,2,2
452889,2,2,1,2
452922,1,1,1,1
453223,1,1,1,1
453287,1,1,1,1
453374,1,1,1,1
453494,1,1,1,1
454053,4,3,3,3
454243,5,4,3,4
454294,5,4,3,4
455174,2,2,2,2
455482,5,4,3,4
455557,2,2,1,2
455906,4,3,3,3
456584,1,1,1,1
457070,2,2,1,2
457799,4,4,3,4
458980,5,4,3,4
459225,5,4,3,4
459693,1,1,1,1
460225,2,2,1,2
460470,5,4,3,4
460757,4,4,3,4
460836,4,3,2,3
461201,5,4,3,4
461609,4,3,2,3
462203,1,1,1,1
462291,3,3,2,3
463138,5,4,3,4
463156,1,1,1,1
463192,2,2,2,2
463270,4,3,3,3
463306,4,3,3,3
464220,4,3,2,3
464295,5,4,3,4
464363,5,4,3,4
464409,5,4,3,4
464584,2,2,2,2
464957,4,3,2,3
465213,5,4,3,4
465473,3,3,2,3
465616,1,1,1,1
465645,2,1,1,1
465728,5,4,3,4
465742,3,3,2,3
466377,3,2,2,2
466523,3,2,2,2
466525,4,4,3,4
466548,3,3,2,3
466589,4,3,3,3
466798,5,4,3,4
466891,3,2,2,2
467736,3,2,2,2
467843,4,3,3,3
467999,1,1,1,1
468289,3,3,2,3
468355,4,3,2,3
468466,1,1,1,1
468764,3,2,2,2
469405,2,1,1,1
469427,4,3,3,3
469960,3,3,2,3
470082,3,2,2,2
470116,1,1,1,1
470117,2,2,1,2
470217,1,1,1,1
470260,4,3,3,3
470730,4,4,3,4
470743,1,1,1,1
471483,1,1,1,1
471629,4,3,2,3
471797,3,2,2,2
471873,3,3,2,3
472011,1,1,1,1
472482,5,4,3,4
472947,3,2,2,2
473170,5,4,3,4
474166,1,1,1,1
474223,4,3,3,3
474447,1,1,1,1
474728,4,3,2,3
474838,3,2,2,2
474935,1,1,1,1
475559,1,1,1,1
475585,2,1,1,1
476649,3,2,2,2
476817,1,1,1,1
476905,3,3,2,3
476976,3,2,2,2
477077,4,3,2,3
477148,3,2,2,2
477167,4,3,3,3
477420,3,3,2,3
478182,3,2,2,2
478335,4,4,3,4
478998,3,3,2,3
479019,1,1,1,1
479106,3,3,2,3
479182,1,1,1,1
479202,2,1,1,1
479216,3,3,2,3
479599,1,1,1,1
479730,3,3,2,3
480284,3,3,2,3
480644,1,1,1,1
481902,4,3,2,3
482159,5,4,3,4
482500,2,2,1,2
482766,5,4,3,4
482956,1,1,1,1
484127,3,2,2,2
484410,1,1,1,1
484651,1,1,1,1
485145,2,1,1,1
485220,3,2,2,2
486264,2,2,1,2
486973,1,1,1,1
487394,5,4,3,4
487464,3,3,2,3
488004,1,1,1,1
488611,5,4,3,4
489339,5,4,3,4
489896,4,4,3,4
490045,1,1,1,1
490258,3,3,2,3
490415,4,3,3,3
490618,5,4,3,4
490678,2,2,2,2
490860,2,2,2,2
491185,5,4,3,4
491364,5,4,3,4
491714,4,3,2,3
491782,4,3,3,3
492632,2,2,2,2
492757,1,1,1,1
493375,1,1,1,1
493885,3,3,2,3
494131,2,2,1,2
494413,3,3,2,3
494748,3,2,2,2
494949,3,2,2,2
495724,2,2,2,2
495802,3,2,2,2
495825,5,4,3,4
495963,1,1,1,1
495999,4,3,2,3
496785,5,4,3,4
497130,4,3,3,3
497494,5,4,3,4
497950,5,4,3,4
499112,2,2,1,2
499458,2,1,1,1
499740,2,2,1,2
500349,3,2,2,2
500548,2,1,1,1
500788,4,4,3,4
500818,1,1,1,1
500820,4,3,2,3
501085,2,2,2,2
501366,4,3,3,3
501446,1,1,1,1
501687,4,4,3,4
501925,2,1,1,1
502666,3,3,2,3
502849,1,1,1,1
502917,3,3,2,3
503040,3,3,2,3
503288,2,1,1,1
503391,1,1,1,1
503511,5,4,3,4
504057,1,1,1,1
504985,5,4,3,4
505478,2,2,1,2
505743,1,1,1,1
505875,1,1,1,1
505934,2,1,1,1
505974,1,1,1,1
506263,5,4,3,4
506589,2,2,2,2
506651,2,2,1,2
506728,2,2,1,2
507352,4,3,3,3
508030,5,4,3,4
508427,2,2,1,2
508529,5,4,3,4
508690,4,3,3,3
509246,1,1,1,1
509584,2,2,2,2
509895,3,3,2,3
510479,1,1,1,1
510809,3,3,2,3
511210,3,3,2,3
511237,1,1,1,1
511452,1,1,1,1
511684,1,1,1,1
511713,2,2,1,2
512827,1,1,1,1
513017,2,2,2,2
513106,2,2,1,2
513363,1,1,1,1
513479,5,4,3,4
513737,1,1,1,1
513797,1,1,1,1
513919,2,1,1,1
514223,4,3,2,3
514309,5,4,3,4
514443,4,4,3,4
515100,1,1,1,1
515529,2,2,1,2
515667,2,2,2,2
516403,1,1,1,1
516420,3,2,2,2
516532,2,2,2,2
516740,5,4,3,4
516903,5,4,3,4
517066,1,1,1,1
517277,5,4,3,4
518753,1,1,1,1
518818,1,1,1,1
519042,4,3,2,3
519523,3,3,2,3
519740,1,1,1,1
519954,3,2,2,2
519990,5,4,3,4
520090,5,4,3,4
521141,5,4,3,4
521211,3,3,2,3
521365,3,3,2,3
522557,2,2,2,2
522834,2,2,1,2
522849,1,1,1,1
523227,2,2,1,2
523376,2,2,2,2
523715,4,3,2,3
523727,3,3,2,3
523877,4,3,2,3
524613,3,2,2,2
525586,3,2,2,2
525850,2,2,1,2
526175,2,2,1,2
526207,3,3,2,3
526277,5,4,3,4
526520,1,1,1,1
526746,4,3,3,3
526858,5,4,3,4
526903,5,4,3,4
527240,3,2,2,2
527529,1,1,1,1
527918,2,2,1,2
528218,2,1,1,1
528361,4,3,2,3
528395,3,3,2,3
528582,5,4,3,4
529013,2,2,1,2
529051,1,1,1,1
529307,5,4,3,4
529372,4,3,2,3
529429,5,4,3,4
529543,2,1,1,1
529800,1,1,1,1
529918,1,1,1,1
530011,2,2,1,2
530781,5,4,3,4
530819,2,1,1,1
531296,2,1,1,1
532246,2,2,2,2
532249,4,3,3,3
532561,4,3,3,3
533618,3,3,2,3
533724,1,1,1,1
534054,3,3,2,3
534345,1,1,1,1
534361,3,2,2,2
534480,1,1,1,1
534525,5,4,3,4
534689,1,1,1,1
535149,4,3,2,3
535217,4,3,2,3
535717,3,2,2,2
536055,2,2,2,2
536211,4,4,3,4
536297,3,3,2,3
536367,5,4,3,4
536436,4,4,3,4
536582,3,2,2,2
536901,4,3,3,3
537171,1,1,1,1
537232,5,4,3,4
537498,2,1,1,1
537866,5,4,3,4
537881,4,4,3,4
538289,5,4,3,4
538536,5,4,3,4
538677,2,2,1,2
539188,2,2,1,2
539951,2,2,1,2
540483,4,3,3,3
540571,2,2,1,2
540757,5,4,3,4
540851,1,1,1,1
541334,3,3,2,3
541532,2,2,1,2
541589,5,4,3,4
541869,4,3,3,3
542088,5,4,3,4
543247,2,1,1,1
543250,5,4,3,4
543491,1,1,1,1
543550,2,2,2,2
544988,3,2,2,2
545922,4,3,3,3
546358,1,1,1,1
546995,5,4,3,4
547602,4,3,3,3
547749,4,3,2,3
547855,2,2,2,2
548424,1,1,1,1
548702,1,1,1,1
548786,5,4,3,4
549774,3,2,2,2
550043,3,2,2,2
550145,5,4,3,4
550830,2,1,1,1
550944,1,1,1,1
552478,5,4,3,4
552608,5,4,3,4
553274,1,1,1,1
553393,1,1,1,1
553494,1,1,1,1
553585,4,3,2,3
553742,3,2,2,2
553761,3,3,2,3
553919,5,4,3,4
554018,1,1,1,1
554240,5,4,3,4
554332,3,2,2,2
554367,2,2,1,2
554562,5,4,3,4
554783,3,3,2,3
555283,3,2,2,2
555410,4,3,2,3
555439,1,1,1,1
556107,4,4,3,4
556127,2,2,2,2
556214,4,4,3,4
556324,1,1,1,1
556475,2,2,2,2
557084,3,2,2,2
557087,4,3,3,3
557701,1,1,1,1
557817,3,2,2,2
558245,1,1,1,1
558248,1,1,1,1
558305,1,1,1,1
558513,2,1,1,1
558714,4,3,2,3
558895,1,1,1,1
559024,2,2,1,2
559083,1,1,1,1
559846,5,4,3,4
559890,1,1,1,1
560367,4,3,3,3
560460,3,2,2,2
560729,4,4,3,4
560967,3,3,2,3
561531,5,4,3,4
562112,1,1,1,1
562176,1,1,1,1
562696,5,4,3,4
562699,4,3,3,3
564381,3,2,2,2
565085,4,3,3,3
565124,4,3,3,3
565132,2,2,1,2
565183,1,1,1,1
565292,1,1,1,1
565531,5,4,3,4
565566,1,1,1,1
565997,3,3,2,3
566019,4,3,3,3
566481,4,3,3,3
566725,2,2,2,2
567623,2,2,1,2
567646,3,3,2,3
567841,5,4,3,4
567889,5,4,3,4
568943,2,2,1,2
569087,4,3,2,3
569106,4,4,3,4
569403,2,2,2,2
569534,4,4,3,4
570321,4,3,3,3
570380,2,2,2,2
571110,4,4,3,4
571169,5,4,3,4
571677,5,4,3,4
571877,5,4,3,4
571996,5,4,3,4
572489,3,2,2,2
572616,5,4,3,4
573522,3,3,2,3
574258,2,2,2,2
574395,2,2,2,2
574967,3,2,2,2
575944,3,2,2,2
576496,1,1,1,1
576589,5,4,3,4
576892,2,2,2,2
576937,4,3,3,3
577145,4,3,2,3
577330,2,1,1,1
577555,2,2,2,2
577600,2,2,2,2
577742,4,4,3,4
577756,3,2,2,2
577761,5,4,3,4
577938,2,2,2,2
577984,2,2,1,2
578624,4,3,3,3
578681,5,4,3,4
578839,1,1,1,1
579091,1,1,1,1
579375,4,4,3,4
580528,1,1,1,1
581406,2,2,2,2
581502,1,1,1,1
581761,2,2,1,2
582225,1,1,1,1
582365,3,3,2,3
582502,3,3,2,3
582621,4,3,2,3
583027,4,4,3,4
583216,2,2,1,2
583583,2,1,1,1
583617,3,3,2,3
584369,4,3,2,3
584587,1,1,1,1
584900,3,2,2,2
585059,2,2,2,2
585112,4,3,3,3
585313,3,3,2,3
585550,5,4,3,4
586250,4,3,3,3
586724,1,1,1,1
587529,2,1,1,1
587738,3,3,2,3
587986,1,1,1,1
588081,3,2,2,2
588445,2,2,1,2
588745,2,2,2,2
588878,4,3,3,3
589346,4,3,2,3
589407,4,3,2,3
590243,1,1,1,1
590248,1,1,1,1
590360,2,1,1,1
590440,5,4,3,4
590650,3,2,2,2
590838,1,1,1,1
590910,5,4,3,4
591446,2,2,2,2
591779,1,1,1,1
591795,5,4,3,4
592239,5,4,3,4
593116,3,3,2,3
593157,3,3,2,3
593927,4,3,2,3
593939,1,1,1,1
594450,5,4,3,4
594488,2,1,1,1
594525,2,1,1,1
594637,4,3,3,3
595821,3,2,2,2
596207,4,4,3,4
597333,4,4,3,4
597453,1,1,1,1
597524,2,2,2,2
597866,2,2,1,2
598291,3,2,2,2
598301,5,4,3,4
598489,1,1,1,1
598873,3,3,2,3
599064,3,2,2,2
599079,1,1,1,1
599199,1,1,1,1
599266,4,3,3,3
599286,5,4,3,4
599566,4,4,3,4
599761,5,4,3,4
600279,5,4,3,4
600367,2,1,1,1
600392,2,2,2,2
600495,2,2,2,2
600909,3,2,2,2
601353,5,4,3,4
601387,4,3,2,3
601513,1,1,1,1
601995,3,3,2,3
601998,4,3,3,3
602305,4,4,3,4
602673,4,3,2,3
602748,3,3,2,3
602784,3,3,2,3
602863,3,2,2,2
602971,3,3,2,3
603606,1,1,1,1
603816,2,1,1,1
604310,5,4,3,4
604517,4,3,2,3
604542,3,3,2,3
606670,4,3,3,3
606938,2,2,2,2
607157,1,1,1,1
607943,2,2,1,2
608411,2,2,1,2
608543,5,4,3,4
608588,2,2,1,2
608758,1,1,1,1
608852,5,4,3,4
609046,3,3,2,3
609371,5,4,3,4
609469,2,2,2,2
609539,3,2,2,2
609670,2,2,1,2
609908,1,1,1,1
609969,3,3,2,3
610137,1,1,1,1
610411,1,1,1,1
610649,4,3,3,3
610709,3,3,2,3
610833,4,3,2,3
611175,4,3,3,3
611182,5,4,3,4
611361,4,4,3,4
611373,5,4,3,4
611554,4,3,2,3
611719,1,1,1,1
612228,1,1,1,1
612742,4,3,2,3
612758,2,2,1,2
612811,4,3,3,3
613007,3,2,2,2
613021,5,4,3,4
613085,3,2,2,2
613573,5,4,3,4
613615,3,3,2,3
614998,1,1,1,1
615198,1,1,1,1
615744,4,4,3,4
615981,1,1,1,1
616069,1,1,1,1
616419,1,1,1,1
616498,2,1,1,1
616616,3,2,2,2
616986,4,3,3,3
618033,4,3,2,3
618037,3,3,2,3
618206,2,2,2,2
618251,1,1,1,1
619474,4,3,3,3
619784,4,3,2,3
619831,5,4,3,4
620252,4,3,2,3
620286,4,3,2,3
620368,1,1,1,1
621025,1,1,1,1
622034,2,1,1,1
622376,5,4,3,4
622549,5,4,3,4
623295,4,3,2,3
623739,4,3,3,3
623950,2,2,1,2
624225,3,2,2,2
625685,2,2,1,2
626179,4,3,3,3
626225,5,4,3,4
626230,2,2,1,2
626497,1,1,1,1
626608,1,1,1,1
627014,1,1,1,1
627123,1,1,1,1
627156,1,1,1,1
627241,5,4,3,4
627692,1,1,1,1
627781,1,1,1,1
628210,5,4,3,4
628414,3,3,2,3
628542,3,2,2,2
629645,4,3,3,3
629736,3,2,2,2
629910,5,4,3,4
630532,5,4,3,4
630647,1,1,1,1
631351,3,3,2,3
631368,3,3,2,3
631875,2,2,1,2
632061,2,2,2,2
632177,1,1,1,1
632564,3,2,2,2
632731,5,4,3,4
632955,5,4,3,4
633129,4,3,3,3
633199,4,3,3,3
633322,2,1,1,1
633496,2,2,1,2
633701,4,3,2,3
633785,4,4,3,4
633880,2,2,1,2
633931,1,1,1,1
634536,3,2,2,2
634720,1,1,1,1
636167,2,2,1,2
636182,5,4,3,4
636621,1,1,1,1
636744,1,1,1,1
637096,4,3,3,3
637318,3,2,2,2
637324,3,3,2,3
637974,4,3,3,3
638421,4,4,3,4
638435,2,2,2,2
638497,1,1,1,1
638943,5,4,3,4
639548,2,2,2,2
639553,1,1,1,1
639743,4,3,2,3
639798,3,2,2,2
639950,5,4,3,4
639989,2,2,2,2
640052,1,1,1,1
640113,1,1,1,1
640447,2,2,2,2
640449,3,3,2,3
640498,3,2,2,2
640599,5,4,3,4
640692,4,3,3,3
640891,3,3,2,3
641111,2,2,1,2
641260,3,2,2,2
641267,4,3,3,3
641511,2,2,1,2
641823,2,2,2,2
641918,4,3,2,3
641926,3,2,2,2
642132,3,2,2,2
642606,2,2,1,2
642678,1,1,1,1
642849,5,4,3,4
642898,5,4,3,4
642936,5,4,3,4
643261,1,1,1,1
643532,5,4,3,4
643602,1,1,1,1
643689,3,3,2,3
643845,2,2,1,2
644095,3,2,2,2
644967,5,4,3,4
645035,3,2,2,2
645100,5,4,3,4
646058,4,3,2,3
646308,3,2,2,2
646484,3,2,2,2
646680,4,3,2,3
647054,4,3,3,3
647401,3,2,2,2
647427,1,1,1,1
647541,2,2,2,2
647880,3,2,2,2
647963,3,2,2,2
649205,3,2,2,2
649363,2,2,1,2
649906,1,1,1,1
650163,3,3,2,3
650570,4,3,3,3
650839,2,1,1,1
651257,5,4,3,4
651404,2,2,2,2
651617,2,2,1,2
651703,4,3,3,3
651810,4,3,2,3
651833,1,1,1,1
651896,2,2,1,2
652268,3,2,2,2
653956,2,2,1,2
654021,2,2,2,2
655305,1,1,1,1
655613,3,3,2,3
656054,3,3,2,3
656258,3,3,2,3
656291,4,3,3,3
656401,4,4,3,4
656754,2,2,2,2
657068,5,4,3,4
657219,4,3,3,3
657457,1,1,1,1
657623,3,3,2,3
657682,1,1,1,1
658768,4,3,2,3
658883,4,3,3,3
659090,2,1,1,1
659198,5,4,3,4
659770,2,2,1,2
660020,2,1,1,1
660497,3,2,2,2
660628,1,1,1,1
660752,1,1,1,1
661055,5,4,3,4
661115,1,1,1,1
661182,2,2,2,2
661665,4,4,3,4
661924,4,3,3,3
663465,1,1,1,1
663494,3,3,2,3
663638,2,2,1,2
663938,2,2,1,2
663965,1,1,1,1
664292,2,2,1,2
664540,3,2,2,2
664657,4,3,2,3
665206,1,1,1,1
665512,4,4,3,4
666489,1,1,1,1
667423,5,4,3,4
667742,1,1,1,1
667773,3,3,2,3
667802,3,2,2,2
668011,3,3,2,3
668985,1,1,1,1
669037,3,2,2,2
669298,2,1,1,1
669443,4,4,3,4
669873,1,1,1,1
669951,5,4,3,4
669957,2,2,1,2
670659,4,3,2,3
670668,3,3,2,3
670862,4,3,3,3
671855,2,2,1,2
672138,1,1,1,1
672299,3,2,2,2
674011,3,3,2,3
674070,4,3,2,3
674741,4,3,3,3
674763,2,2,1,2
675602,1,1,1,1
675680,1,1,1,1
675693,5,4,3,4
675739,3,3,2,3
675886,5,4,3,4
676017,4,3,2,3
676249,5,4,3,4
676356,2,2,2,2
676388,4,3,3,3
676419,1,1,1,1
676420,4,3,3,3
676643,3,3,2,3
677302,1,1,1,1
677616,5,4,3,4
677846,3,3,2,3
678102,2,2,2,2
678633,1,1,1,1
679038,1,1,1,1
679530,2,2,1,2
680616,3,2,2,2
680701,1,1,1,1
680960,1,1,1,1
681319,2,2,1,2
681326,1,1,1,1
681563,2,2,1,2
681736,2,2,1,2
681785,2,1,1,1
681934,5,4,3,4
682015,4,3,2,3
682079,2,2,2,2
682137,3,2,2,2
682648,2,2,2,2
683301,4,4,3,4
683378,2,2,2,2
683503,2,2,2,2
683890,5,4,3,4
685070,5,4,3,4
685155,1,1,1,1
685156,2,2,1,2
685847,1,1,1,1
686595,5,4,3,4
686939,3,3,2,3
687058,1,1,1,1
687156,3,3,2,3
687181,2,2,1,2
687227,4,3,3,3
687246,2,2,1,2
688183,5,4,3,4
688231,4,4,3,4
688878,1,1,1,1
689606,1,1,1,1
689784,2,2,1,2
690504,1,1,1,1
690815,4,3,3,3
692115,1,1,1,1
693052,4,4,3,4
693241,2,2,1,2
693436,4,3,2,3
693900,3,2,2,2
694505,1,1,1,1
694658,1,1,1,1
695144,3,2,2,2
695385,3,3,2,3
695422,2,2,2,2
695526,4,3,3,3
696013,5,4,3,4
696104,4,3,3,3
696395,3,3,2,3
696771,4,3,3,3
696986,5,4,3,4
697133,1,1,1,1
697208,4,3,3,3
697546,3,3,2,3
697597,1,1,1,1
697640,4,3,3,3
697657,5,4,3,4
698095,1,1,1,1
698229,5,4,3,4
698642,3,3,2,3
698855,3,2,2,2
698907,3,2,2,2
699313,1,1,1,1
699929,3,3,2,3
699965,4,3,3,3
700004,1,1,1,1
700030,2,1,1,1
700594,1,1,1,1
700744,4,4,3,4
700762,1,1,1,1
700864,3,2,2,2
701557,4,3,3,3
701654,1,1,1,1
701693,5,4,3,4
701833,2,2,2,2
701936,4,3,2,3
701984,3,2,2,2
702260,4,4,3,4
702317,5,4,3,4
702901,1,1,1,1
703474,5,4,3,4
703539,2,2,1,2
703730,2,2,2,2
704217,5,4,3,4
704778,1,1,1,1
705068,5,4,3,4
705091,4,3,3,3
705361,5,4,3,4
705634,4,4,3,4
705812,5,4,3,4
705923,1,1,1,1
707261,5,4,3,4
708266,5,4,3,4
708593,4,4,3,4
708742,2,2,2,2
708773,4,3,3,3
708806,4,3,3,3
709000,2,1,1,1
709674,2,2,2,2
710027,2,2,2,2
710164,3,3,2,3
710525,5,4,3,4
711194,3,3,2,3
711204,3,3,2,3
711229,2,2,1,2
711615,2,2,2,2
711684,5,4,3,4
711935,2,2,1,2
712003,4,4,3,4
712116,4,3,2,3
712455,4,3,3,3
712734,2,2,1,2
712852,2,2,2,2
713353,3,3,2,3
713380,2,2,1,2
713536,5,4,3,4
714020,4,4,3,4
715010,5,4,3,4
715049,2,2,1,2
715109,2,2,1,2
715982,3,3,2,3
716048,5,4,3,4
716198,1,1,1,1
716366,4,3,2,3
716390,2,2,1,2
717448,5,4,3,4
717844,4,3,2,3
717874,3,3,2,3
718621,3,3,2,3
719002,2,2,2,2
719017,4,3,2,3
719453,3,2,2,2
719585,4,3,2,3
720039,4,3,3,3
720152,5,4,3,4
720397,5,4,3,4
720883,1,1,1,1
720984,2,2,1,2
721202,5,4,3,4
721352,4,3,3,3
721358,3,3,2,3
721797,3,2,2,2
722054,4,4,3,4
722381,1,1,1,1
722752,4,3,3,3
722777,3,2,2,2
722894,4,3,3,3
723751,3,2,2,2
723943,4,3,2,3
724206,3,3,2,3
724528,2,2,1,2
725372,5,4,3,4
725514,3,3,2,3
725636,2,2,1,2
725719,4,3,3,3
726552,3,3,2,3
726636,5,4,3,4
726989,5,4,3,4
727243,4,3,3,3
727347,4,3,2,3
727773,5,4,3,4
728341,4,4,3,4
728646,2,2,1,2
728918,3,3,2,3
728994,4,4,3,4
729155,5,4,3,4
730796,5,4,3,4
731069,5,4,3,4
731172,5,4,3,4
731866,5,4,3,4
732053,5,4,3,4
732084,3,3,2,3
732223,2,2,1,2
732340,3,3,2,3
732718,2,1,1,1
732981,1,1,1,1
733483,2,2,1,2
733895,1,1,1,1
734215,4,3,2,3
734702,4,3,3,3
734743,5,4,3,4
735032,1,1,1,1
735078,5,4,3,4
735995,3,3,2,3
736195,1,1,1,1
736203,3,3,2,3
736242,4,4,3,4
736375,5,4,3,4
736685,1,1,1,1
737362,5,4,3,4
737437,1,1,1,1
737538,4,4,3,4
737779,5,4,3,4
737793,3,3,2,3
737938,2,2,1,2
737996,1,1,1,1
738204,1,1,1,1
738223,3,2,2,2
738666,5,4,3,4
738740,2,1,1,1
738849,1,1,1,1
739381,1,1,1,1
739520,2,2,1,2
739590,5,4,3,4
739646,1,1,1,1
740296,2,2,1,2
740316,2,2,1,2
740811,1,1,1,1
741050,2,2,1,2
741167,2,1,1,1
741382,2,1,1,1
741418,2,2,1,2
741608,4,3,3,3
741804,1,1,1,1
742150,4,3,3,3
742196,4,3,3,3
743455,4,4,3,4
743761,3,2,2,2
743922,3,2,2,2
744298,4,3,3,3
744562,1,1,1,1
744875,3,3,2,3
745045,5,4,3,4
745163,4,3,2,3
745216,1,1,1,1
745482,4,4,3,4
745640,3,3,2,3
745776,4,3,3,3
745924,2,1,1,1
746012,1,1,1,1
746154,3,3,2,3
746280,2,1,1,1
746296,2,2,1,2
746326,4,4,3,4
746333,2,1,1,1
746808,3,2,2,2
748001,4,4,3,4
748684,5,4,3,4
748754,2,2,2,2
748797,2,2,1,2
748949,2,2,1,2
749205,4,4,3,4
749795,3,2,2,2
749900,3,3,2,3
750101,3,2,2,2
750182,3,2,2,2
750748,2,1,1,1
750875,2,2,2,2
751101,2,2,1,2
751239,2,1,1,1
751275,1,1,1,1
752856,4,3,2,3
752996,5,4,3,4
754206,4,3,2,3
754289,2,1,1,1
754609,4,4,3,4
755155,5,4,3,4
755317,4,3,2,3
755568,5,4,3,4
756568,3,3,2,3
756889,3,3,2,3
757125,1,1,1,1
757191,3,2,2,2
757490,1,1,1,1
758428,2,2,2,2
759170,4,3,2,3
759728,3,3,2,3
759790,4,4,3,4
760977,1,1,1,1
761204,4,3,3,3
761644,3,2,2,2
761691,5,4,3,4
761835,4,4,3,4
761922,5,4,3,4
762288,1,1,1,1
762919,1,1,1,1
762941,2,2,1,2
763356,2,2,2,2
763690,2,1,1,1
764323,1,1,1,1
764374,2,2,1,2
764484,2,2,1,2
764780,2,2,1,2
764921,5,4,3,4
764947,4,4,3,4
764954,4,3,2,3
765124,3,3,2,3
765325,4,3,2,3
765486,4,4,3,4
765879,3,2,2,2
766008,2,2,1,2
766213,5,4,3,4
766430,5,4,3,4
766734,2,2,2,2
766787,1,1,1,1
767444,2,2,2,2
767531,3,2,2,2
767856,1,1,1,1
768240,4,3,2,3
768316,1,1,1,1
768661,5,4,3,4
768730,5,4,3,4
768770,3,3,2,3
768875,3,3,2,3
769576,1,1,1,1
770095,2,2,1,2
770186,5,4,3,4
770628,4,3,3,3
770639,4,4,3,4
770819,2,2,1,2
770859,5,4,3,4
770928,2,1,1,1
771195,1,1,1,1
771501,5,4,3,4
772132,1,1,1,1
772420,4,3,3,3
773111,1,1,1,1
773250,3,3,2,3
774023,4,3,2,3
774207,2,2,1,2
774273,1,1,1,1
774274,5,4,3,4
774558,4,4,3,4
774983,1,1,1,1
775590,5,4,3,4
775769,4,3,3,3
775802,3,2,2,2
775923,5,4,3,4
776041,4,3,2,3
776161,4,4,3,4
776203,5,4,3,4
776254,2,2,2,2
776261,3,3,2,3
776663,1,1,1,1
776670,4,4,3,4
777071,1,1,1,1
777123,1,1,1,1
777278,3,3,2,3
777554,4,4,3,4
777925,2,2,2,2
778186,2,2,1,2
778472,5,4,3,4
778851,2,2,1,2
779166,5,4,3,4
779377,2,1,1,1
780330,5,4,3,4
780587,4,3,3,3
780793,3,2,2,2
780949,5,4,3,4
781054,4,3,2,3
781096,1,1,1,1
781196,3,2,2,2
781704,3,3,2,3
781845,4,4,3,4
781915,2,2,1,2
781959,4,3,2,3
782169,3,2,2,2
782269,5,4,3,4
782321,3,3,2,3
782741,1,1,1,1
783193,1,1,1,1
783364,3,2,2,2
783402,3,2,2,2
784252,5,4,3,4
784466,1,1,1,1
784527,5,4,3,4
784701,1,1,1,1
784738,2,2,2,2
784830,3,3,2,3
784963,5,4,3,4
785035,5,4,3,4
785207,5,4,3,4
785279,5,4,3,4
786262,1,1,1,1
786303,3,3,2,3
786339,4,3,2,3
786616,4,3,2,3
787084,1,1,1,1
787556,5,4,3,4
788299,4,3,3,3
788310,5,4,3,4
788434,5,4,3,4
788562,5,4,3,4
789073,4,3,3,3
789089,1,1,1,1
789129,1,1,1,1
789240,5,4,3,4
789348,1,1,1,1
789374,4,4,3,4
789425,2,2,2,2
789701,4,3,2,3
789993,5,4,3,4
790249,4,3,3,3
790550,3,2,2,2
790729,3,3,2,3
791687,5,4,3,4
792228,3,2,2,2
792616,1,1,1,1
792727,3,3,2,3
792885,5,4,3,4
793042,2,2,1,2
793360,1,1,1,1
794181,1,1,1,1
794680,5,4,3,4
794939,2,1,1,1
794982,5,4,3,4
795025,5,4,3,4
795082,5,4,3,4
795554,5,4,3,4
795802,3,3,2,3
796483,3,2,2,2
796553,2,2,2,2
796810,4,3,2,3
796833,2,2,2,2
797092,4,3,2,3
797351,3,2,2,2
797599,4,4,3,4
797603,4,4,3,4
798564,4,4,3,4
799083,4,3,2,3
800026,2,2,1,2
800468,2,1,1,1
800556,4,3,2,3
801263,2,1,1,1
801575,1,1,1,1
801608,1,1,1,1
802161,2,2,1,2
802193,3,2,2,2
802226,1,1,1,1
802460,4,3,3,3
802843,1,1,1,1
802894,5,4,3,4
803044,5,4,3,4
803119,5,4,3,4
803261,5,4,3,4
803332,4,3,2,3
804041,4,3,3,3
804373,4,4,3,4
804400,2,2,2,2
804507,4,4,3,4
804575,2,2,2,2
804594,5,4,3,4
804859,1,1,1,1
805547,2,2,2,2
805708,2,2,1,2
805804,5,4,3,4
806150,1,1,1,1
806357,2,2,1,2
806650,2,1,1,1
806933,1,1,1,1
807051,3,2,2,2
807268,1,1,1,1
807659,5,4,3,4
808065,4,3,2,3
808185,2,2,2,2
808490,1,1,1,1
808893,2,2,1,2
809087,5,4,3,4
809395,1,1,1,1
809597,5,4,3,4
809745,1,1,1,1
809748,1,1,1,1
809920,3,3,2,3
810329,4,3,2,3
810394,4,3,3,3
810553,3,3,2,3
811020,3,3,2,3
811426,1,1,1,1
811765,2,1,1,1
811982,1,1,1,1
812250,5,4,3,4
812262,5,4,3,4
812293,4,3,2,3
812665,4,3,2,3
812742,3,3,2,3
812843,2,2,1,2
812847,4,4,3,4
813108,1,1,1,1
813362,5,4,3,4
813448,5,4,3,4
813459,1,1,1,1
814305,1,1,1,1
815238,1,1,1,1
816124,2,1,1,1
816195,4,3,3,3
816480,3,3,2,3
816544,2,1,1,1
817057,5,4,3,4
817434,4,3,2,3
817499,4,3,3,3
818040,2,2,1,2
818086,5,4,3,4
818515,2,2,2,2
819605,3,3,2,3
820153,5,4,3,4
820945,1,1,1,1
821054,3,2,2,2
821656,1,1,1,1
821759,4,3,3,3
821854,1,1,1,1
822206,4,4,3,4
822278,1,1,1,1
823307,2,2,1,2
823379,2,1,1,1
823652,1,1,1,1
823977,3,2,2,2
824101,5,4,3,4
824340,5,4,3,4
824442,5,4,3,4
825217,1,1,1,1
825250,1,1,1,1
826713,1,1,1,1
826757,3,2,2,2
827693,5,4,3,4
827826,5,4,3,4
828155,2,2,1,2
828494,5,4,3,4
828567,2,2,2,2
828653,1,1,1,1
829237,3,3,2,3
829465,5,4,3,4
829500,3,2,2,2
830346,1,1,1,1
830463,4,4,3,4
830540,3,2,2,2
830908,4,3,2,3
831580,2,2,2,2
832015,3,2,2,2
832229,2,1,1,1
832233,5,4,3,4
833097,5,4,3,4
833243,2,1,1,1
833340,4,3,3,3
833570,3,2,2,2
833659,4,3,3,3
833784,2,1,1,1
835121,4,3,3,3
835215,5,4,3,4
835925,5,4,3,4
836109,4,3,2,3
836267,3,3,2,3
836597,2,1,1,1
837019,2,2,1,2
837160,4,4,3,4
837411,2,2,1,2
837523,3,2,2,2
837800,3,2,2,2
837864,5,4,3,4
838304,1,1,1,1
838518,5,4,3,4
838663,2,2,1,2
838690,5,4,3,4
838918,2,2,2,2
838948,4,3,3,3
839412,4,3,3,3
839564,5,4,3,4
839889,4,3,2,3
840100,3,3,2,3
840277,2,2,1,2
840278,4,4,3,4
840432,2,1,1,1
840532,4,3,3,3
840622,3,3,2,3
840964,5,4,3,4
841522,1,1,1,1
841713,2,2,1,2
842777,3,2,2,2
843095,2,1,1,1
843100,4,3,3,3
844797,3,2,2,2
844839,4,3,3,3
844896,1,1,1,1
845017,5,4,3,4
845809,5,4,3,4
846273,5,4,3,4
846290,3,3,2,3
846677,5,4,3,4
847395,5,4,3,4
847579,4,3,3,3
847885,5,4,3,4
847982,3,2,2,2
848171,1,1,1,1
848324,3,3,2,3
848655,4,4,3,4
848799,1,1,1,1
849808,1,1,1,1
849836,2,2,2,2
849858,2,2,1,2
850137,3,3,2,3
850164,5,4,3,4
850746,2,1,1,1
851448,5,4,3,4
852164,5,4,3,4
852735,1,1,1,1
852782,1,1,1,1
852907,3,3,2,3
853544,1,1,1,1
853699,3,2,2,2
854051,5,4,3,4
854166,3,2,2,2
854495,2,2,1,2
854709,4,3,3,3
856192,5,4,3,4
857360,5,4,3,4
857561,1,1,1,1
858045,3,3,2,3
858182,3,2,2,2
858365,1,1,1,1
858820,2,2,2,2
859093,3,2,2,2
859578,4,4,3,4
859711,2,2,1,2
860145,2,2,2,2
860339,1,1,1,1
860765,5,4,3,4
860865,1,1,1,1
861118,3,3,2,3
861764,4,3,2,3
861892,5,4,3,4
862021,4,4,3,4
862363,4,3,2,3
863225,4,3,3,3
863342,4,4,3,4
863573,1,1,1,1
863782,5,4,3,4
864449,3,2,2,2
864472,3,3,2,3
864606,5,4,3,4
864904,2,2,2,2
865092,5,4,3,4
865266,4,3,3,3
865731,4,3,2,3
866386,3,3,2,3
866537,4,3,3,3
866542,2,2,1,2
866698,2,2,2,2
866706,5,4,3,4
866750,2,2,1,2
868379,2,2,2,2
868426,3,3,2,3
868659,1,1,1,1
868675,1,1,1,1
868909,4,4,3,4
869405,4,3,2,3
869473,5,4,3,4
869559,3,2,2,2
870131,3,2,2,2
870336,3,2,2,2
870534,2,2,1,2
870559,3,3,2,3
870648,1,1,1,1
870753,5,4,3,4
870843,4,4,3,4
870921,1,1,1,1
871849,1,1,1,1
872327,4,3,3,3
872431,5,4,3,4
872612,5,4,3,4
872615,4,3,2,3
872869,5,4,3,4
873098,5,4,3,4
873188,5,4,3,4
873596,5,4,3,4
873973,4,4,3,4
873975,1,1,1,1
874034,2,2,2,2
874230,1,1,1,1
874252,2,1,1,1
874944,4,4,3,4
875049,4,3,3,3
875999,5,4,3,4
876010,5,4,3,4
876162,5,4,3,4
876181,5,4,3,4
876504,1,1,1,1
876781,4,4,3,4
876866,4,3,2,3
877065,4,3,2,3
877108,5,4,3,4
877189,3,2,2,2
877965,5,4,3,4
878099,3,2,2,2
878343,4,3,3,3
878684,4,3,3,3
878732,3,3,2,3
879068,4,3,3,3
879103,1,1,1,1
879154,2,2,2,2
879432,3,3,2,3
880464,2,2,1,2
880705,1,1,1,1
880916,3,2,2,2
882120,3,3,2,3
882379,4,3,2,3
882980,1,1,1,1
883041,2,2,1,2
883844,3,2,2,2
884704,5,4,3,4
884777,2,2,1,2
885242,5,4,3,4
886307,3,3,2,3
886328,3,3,2,3
886430,2,2,2,2
887087,2,2,1,2
887531,5,4,3,4
887774,5,4,3,4
888274,3,3,2,3
888324,4,4,3,4
889547,2,1,1,1
889829,3,2,2,2
889937,5,4,3,4
890107,3,3,2,3
890228,2,2,1,2
890536,4,3,3,3
890651,1,1,1,1
890727,3,2,2,2
891271,3,2,2,2
891733,5,4,3,4
891759,3,3,2,3
892190,3,3,2,3
892674,3,3,2,3
892789,5,4,3,4
893021,4,4,3,4
893131,3,2,2,2
893240,4,3,3,3
893597,1,1,1,1
893656,4,3,3,3
893741,2,1,1,1
893756,1,1,1,1
894221,3,2,2,2
895034,5,4,3,4
895063,5,4,3,4
895228,3,3,2,3
895520,4,3,2,3
895728,2,2,1,2
895780,5,4,3,4
895976,2,2,1,2
896050,2,2,2,2
897036,4,4,3,4
897441,2,1,1,1
897599,3,2,2,2
897647,2,2,2,2
897808,2,2,1,2
897883,5,4,3,4
898110,2,2,2,2
898281,1,1,1,1
898380,1,1,1,1
898663,3,3,2,3
898933,4,4,3,4
898941,3,2,2,2
899594,3,2,2,2
899696,4,3,3,3
899808,5,4,3,4
900170,2,2,1,2
900497,1,1,1,1
900800,1,1,1,1
901330,3,2,2,2
901344,3,3,2,3
901418,4,3,2,3
901716,1,1,1,1
902034,2,2,2,2
902435,3,3,2,3
902635,3,3,2,3
902636,3,3,2,3
902914,3,3,2,3
903347,5,4,3,4
903447,5,4,3,4
904043,3,3,2,3
904123,1,1,1,1
904990,2,2,1,2
905063,2,1,1,1
905247,1,1,1,1
905275,5,4,3,4
905431,1,1,1,1
905507,2,2,1,2
906476,1,1,1,1
906552,4,3,3,3
906554,4,3,2,3
906621,2,2,1,2
906624,5,4,3,4
906791,3,2,2,2
906890,4,4,3,4
906941,1,1,1,1
907204,2,2,1,2
907353,4,3,2,3
907424,1,1,1,1
907656,2,2,1,2
908114,3,3,2,3
908621,5,4,3,4
908771,4,3,2,3
909333,2,1,1,1
909370,5,4,3,4
910979,4,3,2,3
911709,4,3,2,3
911993,3,3,2,3
912066,4,3,3,3
913067,1,1,1,1
913941,4,3,2,3
914200,5,4,3,4
914616,3,2,2,2
914950,1,1,1,1
915127,3,3,2,3
915287,3,2,2,2
915553,4,3,3,3
915968,2,2,1,2
916124,1,1,1,1
916688,4,3,3,3
916745,3,3,2,3
917464,4,3,3,3
917659,2,2,2,2
917723,2,2,1,2
917825,5,4,3,4
918508,5,4,3,4
918706,5,4,3,4
918878,4,3,3,3
919353,2,2,1,2
919508,3,2,2,2
919980,3,2,2,2
920090,4,3,3,3
920453,5,4,3,4
921194,2,2,1,2
921308,3,3,2,3
922118,4,3,2,3
923109,5,4,3,4
923643,1,1,1,1
924592,3,2,2,2
924702,1,1,1,1
924789,5,4,3,4
924803,1,1,1,1
925376,4,4,3,4
925437,5,4,3,4
925587,4,3,3,3
926009,1,1,1,1
926053,4,3,3,3
926133,2,2,2,2
926137,4,3,3,3
926184,2,2,1,2
927164,4,4,3,4
927538,4,3,3,3
927804,2,1,1,1
927805,3,2,2,2
928189,2,2,1,2
928202,2,1,1,1
928298,3,3,2,3
928388,3,3,2,3
928409,4,3,2,3
928429,4,4,3,4
928515,2,2,2,2
928849,1,1,1,1
928953,1,1,1,1
929019,2,1,1,1
929034,4,4,3,4
929043,4,3,3,3
929456,1,1,1,1
929679,4,3,3,3
929867,5,4,3,4
930199,5,4,3,4
930516,3,3,2,3
931047,2,2,2,2
931112,4,4,3,4
931198,1,1,1,1
931892,1,1,1,1
932865,5,4,3,4
933385,5,4,3,4
933876,4,3,3,3
934407,2,2,1,2
934590,2,2,2,2
934708,5,4,3,4
934726,3,2,2,2
934881,5,4,3,4
934939,3,2,2,2
935431,3,3,2,3
935481,1,1,1,1
936858,4,4,3,4
937338,1,1,1,1
937347,1,1,1,1
937354,5,4,3,4
937476,2,2,1,2
937523,3,2,2,2
938381,2,1,1,1
938854,1,1,1,1
939322,4,4,3,4
939670,4,3,2,3
939915,3,3,2,3
940454,4,3,3,3
940814,1,1,1,1
940930,4,3,3,3
940952,4,4,3,4
941127,5,4,3,4
941284,4,3,2,3
941593,4,3,2,3
942116,5,4,3,4
942535,3,3,2,3
942659,1,1,1,1
942765,4,3,2,3
942991,4,3,3,3
943338,4,3,2,3
943562,2,1,1,1
944267,3,3,2,3
944523,4,4,3,4
944563,2,1,1,1
944713,2,2,1,2
944723,1,1,1,1
944845,2,2,1,2
944963,4,3,2,3
945258,4,3,2,3
945412,3,3,2,3
945765,1,1,1,1
945855,5,4,3,4
945861,4,4,3,4
946208,4,4,3,4
946762,5,4,3,4
947024,3,3,2,3
947125,1,1,1,1
947221,5,4,3,4
947371,5,4,3,4
947706,3,3,2,3
948441,5,4,3,4
948671,3,2,2,2
948799,2,1,1,1
948954,2,2,1,2
949095,5,4,3,4
949572,2,2,2,2
950338,4,4,3,4
950413,5,4,3,4
950646,4,3,3,3
950969,1,1,1,1
951367,1,1,1,1
951746,3,3,2,3
951783,2,2,1,2
952107,1,1,1,1
952205,1,1,1,1
952302,1,1,1,1
952882,5,4,3,4
953256,3,3,2,3
953427,5,4,3,4
954071,5,4,3,4
954302,4,3,3,3
954607,3,2,2,2
954806,5,4,3,4
954882,3,3,2,3
955227,2,2,1,2
955491,5,4,3,4
955573,2,2,1,2
956069,3,2,2,2
956366,3,3,2,3
956982,5,4,3,4
957128,1,1,1,1
957278,5,4,3,4
957990,5,4,3,4
958101,4,3,2,3
958247,5,4,3,4
958289,5,4,3,4
958924,5,4,3,4
959154,4,3,3,3
959994,3,3,2,3
961109,3,3,2,3
962661,2,2,2,2
963182,1,1,1,1
964292,2,2,1,2
964672,2,2,2,2
964781,4,3,3,3
964968,2,2,1,2
965421,4,3,2,3
965764,2,2,1,2
966760,4,3,2,3
967309,2,2,1,2
967564,4,3,2,3
967616,2,2,2,2
967889,5,4,3,4
968183,2,2,1,2
968260,1,1,1,1
968266,3,3,2,3
969217,5,4,3,4
970237,1,1,1,1
970808,4,4,3,4
971507,1,1,1,1
971847,2,2,2,2
972174,4,3,3,3
972323,4,3,2,3
972561,5,4,3,4
972949,4,3,2,3
973303,2,2,1,2
973670,2,2,2,2
973849,4,3,2,3
974236,5,4,3,4
974282,1,1,1,1
974536,2,1,1,1
975009,2,1,1,1
975450,2,2,2,2
975464,2,2,2,2
975666,5,4,3,4
976256,4,3,2,3
976383,5,4,3,4
976602,1,1,1,1
976693,5,4,3,4
977291,4,3,3,3
977850,1,1,1,1
977925,3,2,2,2
978020,1,1,1,1
978076,1,1,1,1
978503,3,3,2,3
979272,5,4,3,4
980114,2,2,1,2
980365,3,2,2,2
980493,3,3,2,3
981483,1,1,1,1
981719,2,2,1,2
982474,2,2,2,2
983095,2,2,1,2
983118,4,3,2,3
983281,2,2,1,2
983620,2,2,2,2
983895,2,2,1,2
984284,3,2,2,2
984436,2,2,1,2
985095,3,3,2,3
985311,5,4,3,4
985616,2,2,2,2
985795,5,4,3,4
987448,1,1,1,1
987542,2,2,2,2
987599,4,4,3,4
987834,2,2,1,2
988427,4,3,3,3
988652,2,1,1,1
989282,4,3,2,3
990357,5,4,3,4
990628,1,1,1,1
990712,4,3,3,3
991230,5,4,3,4
991643,4,3,2,3
991906,5,4,3,4
992144,1,1,1,1
992438,3,3,2,3
992474,2,1,1,1
992581,1,1,1,1
992860,4,3,2,3
993242,1,1,1,1
993553,2,1,1,1
993974,3,3,2,3
994226,4,4,3,4
994231,3,3,2,3
994276,3,3,2,3
994282,5,4,3,4
994469,1,1,1,1
994941,5,4,3,4
995134,1,1,1,1
995330,3,2,2,2
995749,5,4,3,4
995751,5,4,3,4
995803,1,1,1,1
996021,2,1,1,1
996402,3,3,2,3
996437,4,3,3,3
996471,2,2,1,2
996587,5,4,3,4
996638,2,2,2,2
997132,1,1,1,1
997246,1,1,1,1
997252,3,2,2,2
997281,5,4,3,4
997337,1,1,1,1
997444,4,3,2,3
997579,4,3,2,3
997959,4,3,2,3
998542,5,4,3,4
999101,2,2,2,2
999518,2,2,2,2
999573,2,2,2,2
999952,5,4,3,4
1000386,3,2,2,2
1000605,3,3,2,3
1000813,1,1,1,1
1001154,1,1,1,1
1001187,2,2,1,2
1001508,1,1,1,1
1001663,4,3,3,3
1001671,1,1,1,1
1002071,5,4,3,4
1002141,4,3,3,3
1003481,3,2,2,2
1003581,3,2,2,2
1003688,2,2,2,2
1004018,4,3,3,3
1004030,1,1,1,1
1004033,5,4,3,4
1004079,5,4,3,4
1005152,4,3,2,3
1005209,1,1,1,1
1005598,4,3,2,3
1005894,2,2,1,2
1006120,4,3,2,3
1006445,5,4,3,4
1006745,5,4,3,4
1006748,5,4,3,4
1007553,1,1,1,1
1007608,5,4,3,4
1008243,5,4,3,4
1008441,5,4,3,4
1008602,5,4,3,4
1008651,3,2,2,2
1008968,1,1,1,1
1009064,4,3,3,3
1009210,5,4,3,4
1009437,3,2,2,2
1009517,5,4,3,4
1009996,3,3,2,3
1009997,5,4,3,4
1010131,5,4,3,4
1010279,1,1,1,1
1010755,2,2,1,2
1010833,1,1,1,1
1011451,1,1,1,1
1011521,1,1,1,1
1012550,3,3,2,3
1012895,1,1,1,1
1013095,2,1,1,1
1013234,5,4,3,4
1014292,1,1,1,1
1014589,4,4,3,4
1014618,5,4,3,4
1015209,2,2,2,2
1015631,1,1,1,1
1016114,4,4,3,4
1016647,4,3,2,3
1017968,1,1,1,1
1018057,1,1,1,1
1018349,2,1,1,1
1018355,1,1,1,1
1018495,5,4,3,4
1018640,1,1,1,1
1018702,4,3,2,3
1018900,5,4,3,4
1019052,1,1,1,1
1019119,3,3,2,3
1019196,4,3,2,3
1019486,1,1,1,1
1020721,5,4,3,4
1020933,5,4,3,4
1021185,4,4,3,4
1021290,5,4,3,4
1021509,1,1,1,1
1021877,1,1,1,1
1022130,4,3,2,3
1022391,2,2,1,2
1023068,2,1,1,1
1023074,2,2,1,2
1023146,3,2,2,2
1023425,1,1,1,1
1023807,3,3,2,3
1023846,5,4,3,4
1023855,5,4,3,4
1023879,4,3,3,3
1024238,1,1,1,1
1024566,5,4,3,4
1024571,3,2,2,2
1024608,5,4,3,4
1026499,5,4,3,4
1026693,1,1,1,1
1026852,1,1,1,1
1027052,1,1,1,1
1027733,5,4,3,4
1027970,2,2,1,2
1028341,5,4,3,4
1028766,1,1,1,1
1028863,1,1,1,1
1028930,3,3,2,3
1029209,2,2,2,2
1029459,3,3,2,3
1029605,2,2,1,2
1030229,2,2,2,2
1030276,3,3,2,3
1030292,4,3,2,3
1030325,1,1,1,1
1030326,1,1,1,1
1030616,3,2,2,2
1030700,5,4,3,4
1031145,4,3,2,3
1031276,5,4,3,4
1031342,2,2,2,2
1031655,5,4,3,4
1031949,4,3,3,3
1032148,4,4,3,4
1032893,3,3,2,3
1033060,1,1,1,1
1033670,3,3,2,3
1033725,5,4,3,4
1033867,4,3,3,3
1034170,3,3,2,3
1034247,2,2,2,2
1034699,4,4,3,4
1034737,3,2,2,2
1035174,3,3,2,3
1035412,1,1,1,1
1035504,4,3,2,3
1035713,5,4,3,4
1036156,4,4,3,4
1036507,2,2,1,2
1037399,3,2,2,2
1037757,1,1,1,1
1037931,4,3,3,3
1038201,1,1,1,1
1038428,3,2,2,2
1038447,2,2,1,2
1038541,3,2,2,2
1039373,3,3,2,3
1039583,3,3,2,3
1039757,4,3,3,3
1039758,5,4,3,4
1040456,5,4,3,4
1040489,5,4,3,4
1040864,5,4,3,4
1041377,1,1,1,1
1041389,4,4,3,4
1041506,3,3,2,3
1042143,5,4,3,4
1042157,4,3,3,3
1042182,1,1,1,1
1042259,4,3,3,3
1042871,3,3,2,3
1043511,4,4,3,4
1043518,5,4,3,4
1043758,4,3,3,3
1043773,4,3,2,3
1044798,5,4,3,4
1044931,4,3,3,3
1044986,5,4,3,4
1045596,3,3,2,3
1046118,4,3,3,3
1046329,4,3,3,3
1046430,5,4,3,4
1046608,4,3,3,3
1046785,1,1,1,1
1047220,4,3,2,3
1047554,4,4,3,4
1047660,3,3,2,3
1048126,1,1,1,1
1048411,3,2,2,2
1048939,4,3,3,3
1049361,4,3,2,3
1049559,2,1,1,1
1049748,2,2,2,2
1049877,2,2,2,2
1049898,5,4,3,4
1049980,1,1,1,1
1050159,1,1,1,1
1050176,3,2,2,2
1050368,3,3,2,3
1050509,4,4,3,4
1050561,5,4,3,4
1050809,2,2,2,2
1050967,3,3,2,3
1051372,1,1,1,1
1051498,5,4,3,4
1051711,4,3,2,3
1052049,2,2,2,2
1052357,5,4,3,4
1053093,1,1,1,1
1053421,5,4,3,4
1053430,5,4,3,4
1053634,5,4,3,4
1053714,2,2,1,2
1054232,2,2,2,2
1054523,2,1,1,1
1054562,5,4,3,4
1055026,3,2,2,2
1055685,5,4,3,4
1055744,2,2,1,2
1055804,1,1,1,1
1056125,1,1,1,1
1056405,4,3,3,3
1056410,2,2,2,2
1056748,2,2,1,2
1056898,3,3,2,3
1057026,5,4,3,4
1057403,5,4,3,4
1058190,1,1,1,1
1058369,5,4,3,4
1058624,1,1,1,1
1058685,2,2,2,2
1058694,3,2,2,2
1059169,1,1,1,1
1059195,3,2,2,2
1059356,4,3,3,3
1059503,5,4,3,4
1059920,5,4,3,4
1060172,2,2,1,2
1060331,4,4,3,4
1062457,2,2,1,2
1062643,4,3,3,3
1062807,4,4,3,4
1062969,3,3,2,3
1063174,5,4,3,4
1064074,4,3,2,3
1064197,1,1,1,1
1064202,4,3,3,3
1064868,3,2,2,2
1065095,3,2,2,2
1065128,3,2,2,2
1065682,3,3,2,3
1065702,5,4,3,4
1066098,1,1,1,1
1066127,2,1,1,1
1066491,5,4,3,4
1066629,4,3,3,3
1066932,3,2,2,2
1067124,1,1,1,1
1067196,2,2,2,2
1067658,4,4,3,4
1067760,4,4,3,4
1068221,1,1,1,1
1068381,1,1,1,1
1068431,1,1,1,1
1068444,2,2,1,2
1068624,2,1,1,1
1068731,2,1,1,1
1068986,4,3,3,3
1069150,2,2,1,2
1069336,4,3,2,3
1069458,5,4,3,4
1069870,5,4,3,4
1071054,1,1,1,1
1071538,2,2,2,2
1071688,2,2,1,2
1071812,4,3,2,3
1071922,2,2,1,2
1072158,5,4,3,4
1072677,4,3,2,3
1072695,5,4,3,4
1073143,1,1,1,1
1073438,4,3,2,3
1073617,1,1,1,1
1074057,2,2,1,2
1074131,2,1,1,1
1074291,3,2,2,2
1074432,3,3,2,3
1074540,5,4,3,4
1074952,4,3,2,3
1074990,2,2,1,2
1075551,1,1,1,1
1076056,5,4,3,4
1076087,4,3,2,3
1076629,3,2,2,2
1076675,5,4,3,4
1076882,1,1,1,1
1077408,2,2,2,2
1077427,3,3,2,3
1077777,1,1,1,1
1078515,2,2,2,2
1078734,2,2,1,2
1079233,4,3,2,3
1079369,3,2,2,2
1079823,2,2,1,2
1080641,5,4,3,4
1082299,2,1,1,1
1082651,1,1,1,1
1082677,2,2,2,2
1082696,2,2,1,2
1082810,1,1,1,1
1082872,3,2,2,2
1082920,2,2,1,2
1082934,3,2,2,2
1082948,3,3,2,3
1083447,2,2,1,2
1083595,4,3,3,3
1083896,5,4,3,4
1084234,3,2,2,2
1084367,4,3,3,3
1084460,5,4,3,4
1084536,4,3,2,3
1084846,4,3,2,3
1085382,2,2,1,2
1085449,4,3,3,3
1085499,4,3,3,3
1085906,2,2,1,2
1085946,1,1,1,1
1086254,4,3,3,3
1087385,1,1,1,1
1087640,2,2,2,2
1087646,5,4,3,4
1087676,3,3,2,3
1087687,3,3,2,3
1088312,2,2,1,2
1088690,2,2,1,2
1088937,3,3,2,3
1089345,1,1,1,1
1089403,2,2,2,2
1089674,4,3,3,3
1089850,2,2,1,2
1090314,1,1,1,1
1090512,2,2,1,2
1090769,4,3,3,3
1090816,2,1,1,1
1090895,3,3,2,3
1091209,4,3,3,3
1091492,4,3,2,3
1092051,2,2,2,2
1092468,1,1,1,1
1092473,5,4,3,4
1092641,3,2,2,2
1093177,4,3,3,3
1093460,1,1,1,1
1093784,3,2,2,2
1093828,5,4,3,4
1093929,1,1,1,1
1094207,3,2,2,2
1094260,5,4,3,4
1094400,3,2,2,2
1094490,5,4,3,4
1094497,1,1,1,1
1095388,1,1,1,1
1095870,5,4,3,4
1096011,2,2,1,2
1096030,1,1,1,1
1096349,3,3,2,3
1096448,1,1,1,1
1096899,4,4,3,4
1097016,5,4,3,4
1097572,4,3,2,3
1097706,3,2,2,2
1098095,3,3,2,3
1098180,2,2,1,2
1098745,3,2,2,2
1098798,5,4,3,4
1099242,2,2,2,2
1099405,1,1,1,1
1099501,2,2,1,2
1099766,1,1,1,1
1100486,1,1,1,1
1100507,2,2,2,2
1100818,2,1,1,1
1100933,4,4,3,4
1101287,2,2,2,2
1101762,2,2,2,2
1102040,1,1,1,1
1102174,3,3,2,3
1102182,1,1,1,1
1102185,5,4,3,4
1102529,2,1,1,1
1102536,3,2,2,2
1102559,5,4,3,4
1103480,1,1,1,1
1103830,3,3,2,3
1104271,5,4,3,4
1104287,1,1,1,1
1104299,3,2,2,2
1104585,2,1,1,1
1104626,1,1,1,1
1104656,5,4,3,4
1104809,4,3,3,3
1105459,3,3,2,3
1105471,1,1,1,1
1105500,4,3,3,3
1105950,2,2,1,2
1106171,1,1,1,1
1106204,5,4,3,4
1106526,3,3,2,3
1107856,3,3,2,3
1108169,2,1,1,1
1108174,4,3,3,3
1108539,4,3,3,3
1108841,2,1,1,1
1109217,2,2,1,2
1109432,1,1,1,1
1109778,5,4,3,4
1110131,4,3,3,3
1110620,5,4,3,4
1110670,5,4,3,4
1111606,1,1,1,1
1111788,3,2,2,2
1111971,1,1,1,1
1112160,1,1,1,1
1112363,3,3,2,3
1112492,3,3,2,3
1112516,2,1,1,1
1112575,4,3,3,3
1112687,3,2,2,2
1114582,1,1,1,1
1115226,5,4,3,4
1115547,1,1,1,1
1115625,1,1,1,1
1115746,1,1,1,1
1116156,4,3,2,3
1116171,5,4,3,4
1116461,2,2,1,2
1116475,4,3,3,3
1116709,3,3,2,3
1116837,3,3,2,3
1117174,1,1,1,1
1117292,4,3,3,3
1117295,3,3,2,3
1117547,4,3,2,3
1117981,1,1,1,1
1118024,3,3,2,3
1118384,2,2,1,2
1118586,5,4,3,4
1118646,5,4,3,4
1118705,2,2,2,2
1118875,2,2,1,2
1119587,4,3,3,3
1119830,1,1,1,1
1120450,4,4,3,4
1120482,2,2,1,2
1120553,2,2,1,2
1121537,5,4,3,4
1121728,2,2,1,2
1121934,4,4,3,4
1122514,1,1,1,1
1122731,1,1,1,1
1122920,2,1,1,1
1123132,5,4,3,4
1123525,5,4,3,4
1123614,5,4,3,4
1124354,3,3,2,3
1125336,4,3,3,3
1125841,1,1,1,1
1126372,1,1,1,1
1126766,3,3,2,3
1128401,2,2,1,2
1128522,5,4,3,4
1128929,3,2,2,2
1129024,3,2,2,2
1129081,5,4,3,4
1129384,3,2,2,2
1129575,3,2,2,2
1129727,4,3,2,3
1129868,1,1,1,1
1130775,1,1,1,1
1130825,3,3,2,3
1131156,5,4,3,4
1131223,3,3,2,3
1131492,1,1,1,1
1131712,3,3,2,3
1132115,2,1,1,1
1132477,1,1,1,1
1132625,5,4,3,4
1132805,2,2,2,2
1134542,5,4,3,4
1135045,1,1,1,1
1135270,1,1,1,1
1135720,4,3,3,3
1135747,1,1,1,1
1135895,5,4,3,4
1136135,2,2,2,2
1136160,5,4,3,4
1137016,1,1,1,1
1137112,1,1,1,1
1137169,4,3,2,3
1137502,2,2,1,2
1137592,4,3,2,3
1137702,1,1,1,1
1138280,5,4,3,4
1138347,3,3,2,3
1138620,5,4,3,4
1138974,1,1,1,1
1138987,1,1,1,1
1139016,3,3,2,3
1139285,2,2,2,2
1139571,1,1,1,1
1139858,5,4,3,4
1139929,3,2,2,2
1140223,1,1,1,1
1140367,5,4,3,4
1141036,3,3,2,3
1141439,1,1,1,1
1142434,1,1,1,1
1142702,2,2,1,2
1142961,5,4,3,4
1143406,4,3,2,3
1143755,4,3,3,3
1143960,3,2,2,2
1144219,2,2,2,2
1144337,5,4,3,4
1144629,5,4,3,4
1144772,3,3,2,3
1144932,4,3,2,3
1144992,4,3,3,3
1144993,2,1,1,1
1145253,5,4,3,4
1145303,4,3,3,3
1145603,3,2,2,2
1145698,3,3,2,3
1145703,5,4,3,4
1145854,1,1,1,1
1146194,5,4,3,4
1147025,5,4,3,4
1147624,3,3,2,3
1147860,1,1,1,1
1148288,5,4,3,4
1148839,5,4,3,4
1148893,5,4,3,4
1149031,2,1,1,1
1149183,5,4,3,4
1149252,5,4,3,4
1149746,1,1,1,1
1151047,1,1,1,1
1151358,3,2,2,2
1153006,2,1,1,1
1153715,4,4,3,4
1154816,2,2,1,2
1155158,5,4,3,4
1155172,1,1,1,1
1155233,5,4,3,4
1155272,2,2,1,2
1155515,5,4,3,4
1155631,4,4,3,4
1155891,5,4,3,4
1156486,5,4,3,4
1157197,1,1,1,1
1157292,5,4,3,4
1158123,4,3,3,3
1158283,1,1,1,1
1158813,3,3,2,3
1158914,4,3,2,3
1159039,2,1,1,1
1159528,4,3,3,3
1159762,2,1,1,1
1159831,2,2,2,2
1159948,1,1,1,1
1160073,3,2,2,2
1161197,4,3,2,3
1161414,1,1,1,1
1161734,3,2,2,2
1162361,1,1,1,1
1162376,2,1,1,1
1162416,3,3,2,3
1162678,4,3,2,3
1162856,3,2,2,2
1163061,1,1,1,1
1163168,5,4,3,4
1163251,1,1,1,1
1163340,1,1,1,1
1163972,2,2,2,2
1164072,5,4,3,4
1164077,5,4,3,4
1164080,1,1,1,1
1164463,2,2,1,2
1164821,2,2,1,2
1165077,4,4,3,4
1165117,1,1,1,1
1165682,4,3,2,3
1165835,1,1,1,1
1166280,1,1,1,1
1166571,2,2,1,2
1166703,5,4,3,4
1166994,3,3,2,3
1167053,5,4,3,4
1167265,3,3,2,3
1167343,2,1,1,1
1167441,2,2,1,2
1167609,2,2,1,2
1167638,1,1,1,1
1167648,2,1,1,1
1167872,4,3,2,3
1168258,2,2,1,2
1168398,2,2,2,2
1168648,1,1,1,1
1168991,3,3,2,3
1169147,4,3,2,3
1169635,2,1,1,1
1169659,4,3,3,3
1170246,5,4,3,4
1170335,4,3,3,3
1170870,1,1,1,1
1171174,1,1,1,1
1171548,3,3,2,3
1171817,4,3,2,3
1171975,1,1,1,1
1172361,2,2,2,2
1172380,4,4,3,4
1172609,1,1,1,1
1172651,4,3,2,3
1172716,5,4,3,4
1172973,5,4,3,4
1173141,4,3,2,3
1173382,2,1,1,1
1174103,3,3,2,3
1174135,5,4,3,4
1174165,3,2,2,2
1174216,1,1,1,1
1174257,5,4,3,4
1174503,4,3,3,3
1174803,5,4,3,4
1174979,3,3,2,3
1175430,2,2,2,2
1175669,3,3,2,3
1175778,3,3,2,3
1176029,1,1,1,1
1176791,1,1,1,1
1176835,4,3,3,3
1177206,4,3,3,3
1177300,3,3,2,3
1177778,4,4,3,4
1177877,1,1,1,1
1178205,3,2,2,2
1178787,3,3,2,3
1179373,4,4,3,4
1179504,4,4,3,4
1179943,4,4,3,4
1180236,2,2,1,2
1180836,2,1,1,1
1181262,2,1,1,1
1181331,1,1,1,1
1181395,2,2,1,2
1181557,4,4,3,4
1182509,3,3,2,3
1182525,4,3,3,3
1182532,5,4,3,4
1183608,5,4,3,4
1184298,4,3,3,3
1184699,3,2,2,2
1184866,5,4,3,4
1185069,1,1,1,1
1185167,1,1,1,1
1185371,4,3,3,3
1185433,2,2,1,2
1185464,2,2,2,2
1185599,3,3,2,3
1185858,4,4,3,4
1185934,5,4,3,4
1186451,2,2,1,2
1186666,1,1,1,1
1186868,3,2,2,2
1187034,4,4,3,4
1187223,3,3,2,3
1188227,5,4,3,4
1188925,3,3,2,3
1188950,5,4,3,4
1189046,3,3,2,3
1189485,5,4,3,4
1189609,3,3,2,3
1189910,4,3,2,3
1190087,4,3,2,3
1190274,5,4,3,4
1190518,2,2,1,2
1190719,1,1,1,1
1191110,2,2,1,2
1191285,3,2,2,2
1191688,2,2,2,2
1192341,2,1,1,1
1192841,3,2,2,2
1193076,1,1,1,1
1193208,1,1,1,1
1193753,5,4,3,4
1194033,2,2,2,2
1194150,2,2,1,2
1194219,2,2,2,2
1194747,3,3,2,3
1194809,2,2,2,2
1195005,3,2,2,2
1195047,5,4,3,4
1196201,2,2,1,2
1196866,2,2,2,2
1197406,5,4,3,4
1197840,1,1,1,1
1197976,2,1,1,1
1198707,4,3,3,3
1198861,4,3,2,3
1198981,3,3,2,3
1199961,5,4,3,4
1200433,2,1,1,1
1200445,2,2,1,2
1200834,1,1,1,1
1201755,3,3,2,3
1201895,3,2,2,2
1202358,1,1,1,1
1202446,5,4,3,4
1202602,3,3,2,3
1202910,3,2,2,2
1203340,2,2,1,2
1204029,1,1,1,1
1204790,3,2,2,2
1204991,5,4,3,4
1205234,2,2,2,2
1205600,3,2,2,2
1205660,5,4,3,4
1206504,2,2,2,2
1206682,5,4,3,4
1207026,1,1,1,1
1207128,1,1,1,1
1207282,3,2,2,2
1207847,3,2,2,2
1208211,2,2,1,2
1208638,3,2,2,2
1208874,5,4,3,4
1209508,2,2,2,2
1210268,5,4,3,4
1210581,5,4,3,4
1210593,2,2,1,2
1210815,1,1,1,1
1210848,2,2,2,2
1210917,1,1,1,1
1211209,5,4,3,4
1212061,1,1,1,1
1212162,2,1,1,1
1212684,5,4,3,4
1213454,5,4,3,4
1213526,5,4,3,4
1213741,4,4,3,4
1213807,4,3,3,3
1213834,5,4,3,4
1214260,1,1,1,1
1214937,4,3,2,3
1215267,3,2,2,2
1215482,2,2,1,2
1215951,4,3,2,3
1216230,2,2,1,2
1216381,3,3,2,3
1216975,2,2,1,2
1217631,3,3,2,3
1217804,2,2,2,2
1218020,3,3,2,3
1218289,5,4,3,4
1218504,4,3,3,3
1218943,1,1,1,1
1219005,4,4,3,4
1219493,5,4,3,4
1220042,4,4,3,4
1220070,4,3,3,3
1220228,3,3,2,3
1221453,2,2,1,2
1221484,1,1,1,1
1221522,2,2,2,2
1222047,1,1,1,1
1222368,5,4,3,4
1222594,3,2,2,2
1222888,5,4,3,4
1223258,5,4,3,4
1223317,1,1,1,1
1223966,3,3,2,3
1224304,5,4,3,4
1224870,4,3,3,3
1225008,1,1,1,1
1225119,4,3,2,3
1225472,2,2,1,2
1225487,2,2,1,2
1225513,4,4,3,4
1225704,1,1,1,1
1225795,5,4,3,4
1226176,5,4,3,4
1226207,4,3,3,3
1226299,3,3,2,3
1226462,5,4,3,4
1226622,1,1,1,1
1227465,2,2,2,2
1227627,5,4,3,4
1227807,3,2,2,2
1228523,2,2,1,2
1228702,1,1,1,1
1228809,1,1,1,1
1228925,4,3,3,3
1228970,5,4,3,4
1229194,1,1,1,1
1229224,2,2,2,2
1229440,5,4,3,4
1229816,1,1,1,1
1229934,5,4,3,4
1230043,4,3,3,3
1230423,1,1,1,1
1231022,2,1,1,1
1231568,3,3,2,3
1232197,4,3,2,3
1233241,1,1,1,1
1233514,4,3,2,3
1233560,5,4,3,4
1233607,2,2,2,2
1233816,4,4,3,4
1233827,1,1,1,1
1234482,1,1,1,1
1234678,3,3,2,3
1235216,1,1,1,1
1235642,4,3,2,3
1236265,5,4,3,4
1236927,3,3,2,3
1237095,3,2,2,2
1237314,2,2,1,2
1237542,4,3,3,3
1237682,1,1,1,1
1238403,4,3,3,3
1238657,5,4,3,4
1238691,1,1,1,1
1240165,2,2,1,2
1240354,4,4,3,4
1240387,1,1,1,1
1240390,2,2,1,2
1240713,2,2,1,2
1241068,3,3,2,3
1242424,3,3,2,3
1242453,5,4,3,4
1243098,2,2,1,2
1243673,4,3,2,3
1243740,2,2,2,2
1243785,4,3,3,3
1244116,4,3,2,3
1244125,5,4,3,4
1244282,1,1,1,1
1244788,5,4,3,4
1244941,1,1,1,1
1244957,5,4,3,4
1244993,4,4,3,4
1245024,1,1,1,1
1245027,2,1,1,1
1245242,4,3,2,3
1245463,3,3,2,3
1245891,3,2,2,2
1246450,3,2,2,2
1246500,4,3,2,3
1246704,5,4,3,4
1246718,1,1,1,1
1246914,1,1,1,1
1247335,1,1,1,1
1247863,3,3,2,3
1247937,2,2,2,2
1248187,5,4,3,4
1248699,1,1,1,1
1248774,3,2,2,2
1248943,1,1,1,1
1250471,2,2,1,2
1250903,3,3,2,3
1251101,4,3,3,3
1251284,4,3,2,3
1252108,5,4,3,4
1252126,1,1,1,1
1252489,2,2,2,2
1252568,2,2,1,2
1252882,5,4,3,4
1253197,5,4,3,4
1253394,4,3,2,3
1253507,5,4,3,4
1253711,4,3,2,3
1254458,4,3,3,3
1255143,4,3,3,3
1255406,1,1,1,1
1255577,4,3,2,3
1255855,4,3,3,3
1255989,4,3,3,3
1256273,5,4,3,4
1256297,5,4,3,4
1256571,4,3,2,3
1256694,5,4,3,4
1257511,3,3,2,3
1258174,2,2,1,2
1258199,3,3,2,3
1259105,3,3,2,3
1260190,5,4,3,4
1260204,5,4,3,4
1260414,1,1,1,1
1260465,3,3,2,3
1260543,5,4,3,4
1261010,5,4,3,4
1261099,5,4,3,4
1261551,4,3,2,3
1261661,2,2,1,2
1262037,3,2,2,2
1262258,3,2,2,2
1262419,1,1,1,1
1262592,5,4,3,4
1262650,1,1,1,1
1262920,3,3,2,3
1262962,2,2,1,2
1263089,5,4,3,4
1263376,3,2,2,2
1263642,2,2,2,2
1263650,1,1,1,1
1263668,3,2,2,2
1264017,3,3,2,3
1264407,2,2,1,2
1265734,5,4,3,4
1266022,1,1,1,1
1266217,3,3,2,3
1266285,5,4,3,4
1266381,2,2,1,2
1266625,4,3,3,3
1266795,5,4,3,4
1267044,4,3,2,3
1267407,3,3,2,3
1267630,3,3,2,3
1267796,4,3,2,3
1268417,1,1,1,1
1268482,3,2,2,2
1268519,4,3,3,3
1269117,3,3,2,3
1269284,4,4,3,4
1269555,1,1,1,1
1270196,2,2,2,2
1270461,4,3,3,3
1270793,5,4,3,4
1271245,4,3,2,3
1271341,1,1,1,1
1271518,4,4,3,4
1271774,2,2,2,2
1271855,1,1,1,1
1272101,1,1,1,1
1272224,2,2,2,2
1272238,5,4,3,4
1272534,2,1,1,1
1272556,4,3,3,3
1272824,3,2,2,2
1273311,1,1,1,1
1273585,3,2,2,2
1273674,4,3,3,3
1273898,1,1,1,1
1273952,4,3,2,3
1274342,2,2,1,2
1274890,4,4,3,4
1275089,1,1,1,1
1275686,5,4,3,4
1276055,5,4,3,4
1276613,4,3,2,3
1276819,3,2,2,2
1277140,2,2,1,2
1277260,1,1,1,1
1277410,3,3,2,3
1277560,1,1,1,1
1277585,3,2,2,2
1277691,5,4,3,4
1277785,1,1,1,1
1277910,4,4,3,4
1278114,4,3,2,3
1278246,5,4,3,4
1278374,4,3,3,3
1278478,3,3,2,3
1278825,2,2,1,2
1279136,2,2,1,2
1279216,3,3,2,3
1279286,1,1,1,1
1279470,1,1,1,1
1279777,2,1,1,1
1279980,5,4,3,4
1281160,5,4,3,4
1281311,1,1,1,1
1281368,1,1,1,1
1281568,2,2,1,2
1281717,1,1,1,1
1283141,2,2,1,2
1283237,4,3,2,3
1284323,4,4,3,4
1284647,4,3,2,3
1284865,4,4,3,4
1285028,4,3,2,3
1285383,5,4,3,4
1285455,4,3,3,3
1285465,3,3,2,3
1285498,5,4,3,4
1285618,5,4,3,4
1285892,4,3,3,3
1286226,1,1,1,1
1286360,2,1,1,1
1286573,4,3,2,3
1287325,4,3,3,3
1287808,2,2,1,2
1288120,3,2,2,2
1288498,4,3,3,3
1288582,1,1,1,1
1288739,5,4,3,4
1288752,5,4,3,4
1289371,3,3,2,3
1290115,4,3,2,3
1290358,2,1,1,1
1290522,2,2,2,2
1290584,3,3,2,3
1290739,5,4,3,4
1290755,2,2,1,2
1290989,4,3,3,3
1291059,3,2,2,2
1291115,5,4,3,4
1292099,4,4,3,4
1292229,4,3,3,3
1292602,2,1,1,1
1292687,3,2,2,2
1293250,2,2,1,2
1293676,1,1,1,1
1293874,2,2,1,2
1294668,3,3,2,3
1294942,4,3,2,3
1294957,4,4,3,4
1295240,1,1,1,1
1295464,2,2,2,2
1295503,5,4,3,4
1295880,2,2,2,2
1295975,2,2,1,2
1296076,5,4,3,4
1296204,3,2,2,2
1297151,5,4,3,4
1297956,1,1,1,1
1297969,3,2,2,2
1298410,5,4,3,4
1298650,4,3,3,3
1298768,1,1,1,1
1298983,1,1,1,1
1299042,2,2,1,2
1299207,3,2,2,2
1299296,1,1,1,1
1299635,5,4,3,4
1299780,5,4,3,4
1300793,5,4,3,4
1301262,1,1,1,1
1301900,3,2,2,2
1301991,3,2,2,2
1302560,3,3,2,3
1303176,5,4,3,4
1303735,2,1,1,1
1303742,5,4,3,4
1303920,4,3,3,3
1304444,3,2,2,2
1304567,5,4,3,4
1304642,3,3,2,3
1305238,5,4,3,4
1305424,3,3,2,3
1305496,3,2,2,2
1305856,3,2,2,2
1306154,4,4,3,4
1306203,1,1,1,1
1306268,1,1,1,1
1306776,4,3,3,3
1306881,2,2,1,2
1306972,3,3,2,3
1307357,3,3,2,3
1307623,2,2,1,2
1308066,5,4,3,4
1308314,3,3,2,3
1308577,4,3,3,3
1309388,1,1,1,1
1309390,2,1,1,1
1309457,1,1,1,1
1309469,3,2,2,2
1309509,2,1,1,1
1310325,5,4,3,4
1311221,2,2,1,2
1311227,2,2,1,2
1311246,1,1,1,1
1311465,3,3,2,3
1311940,5,4,3,4
1312255,5,4,3,4
1312507,1,1,1,1
1312577,3,3,2,3
1312807,5,4,3,4
1313327,2,2,2,2
1313657,2,2,2,2
1313968,1,1,1,1
1314101,1,1,1,1
1314648,4,3,2,3
1314784,3,3,2,3
1315105,4,3,3,3
1315376,1,1,1,1
1315744,2,2,2,2
1315856,1,1,1,1
1316604,3,3,2,3
1317361,1,1,1,1
1318002,1,1,1,1
1318337,5,4,3,4
1318448,5,4,3,4
1318511,3,3,2,3
1318938,1,1,1,1
1319810,5,4,3,4
1320142,2,2,1,2
1320746,4,3,3,3
1320788,2,1,1,1
1321232,3,3,2,3
1321767,2,2,2,2
1321949,2,1,1,1
1322097,1,1,1,1
1322139,3,3,2,3
1322522,5,4,3,4
1323213,2,2,1,2
1323491,2,2,1,2
1323521,4,4,3,4
1324266,1,1,1,1
1324408,5,4,3,4
1324424,2,1,1,1
1324998,2,1,1,1
1325210,2,2,1,2
1325260,4,3,2,3
1325366,1,1,1,1
1325663,3,2,2,2
1325736,3,2,2,2
1327377,1,1,1,1
1327552,5,4,3,4
1328284,1,1,1,1
1328432,4,3,2,3
1328497,4,3,2,3
1328657,1,1,1,1
1328697,2,1,1,1
1328729,4,4,3,4
1329154,3,2,2,2
1330043,5,4,3,4
1330258,3,2,2,2
1330700,1,1,1,1
1331015,4,3,2,3
1331206,3,2,2,2
1331229,4,3,3,3
1331651,2,2,1,2
1331826,5,4,3,4
1332427,4,3,3,3
1332887,2,1,1,1
1333135,2,2,1,2
1333233,4,3,3,3
1333294,4,3,2,3
1333842,5,4,3,4
1334232,1,1,1,1
1334983,5,4,3,4
1334994,1,1,1,1
1335504,4,3,2,3
1335882,1,1,1,1
1335902,4,3,3,3
1336336,4,3,2,3
1336532,4,3,3,3
1336607,1,1,1,1
1336682,4,4,3,4
1336900,2,2,1,2
1337147,3,2,2,2
1338279,3,2,2,2
1338728,1,1,1,1
1338750,3,3,2,3
1338774,2,2,1,2
1339328,4,3,3,3
1339544,5,4,3,4
1339989,5,4,3,4
1340260,3,2,2,2
1340508,5,4,3,4
1340621,5,4,3,4
1340732,1,1,1,1
1341094,5,4,3,4
1341258,1,1,1,1
1341321,2,1,1,1
1341754,4,3,3,3
1342045,4,3,2,3
1342287,5,4,3,4
1342421,5,4,3,4
1342493,5,4,3,4
1342535,4,4,3,4
1342741,1,1,1,1
1342779,5,4,3,4
1343366,5,4,3,4
1343761,2,2,1,2
1343843,5,4,3,4
1343987,3,2,2,2
1344317,2,2,1,2
1344412,3,3,2,3
1344623,3,2,2,2
1345285,5,4,3,4
1345421,2,2,1,2
1345713,1,1,1,1
1346020,4,4,3,4
1346459,5,4,3,4
1347217,3,2,2,2
1347766,1,1,1,1
1348238,5,4,3,4
1348357,2,2,1,2
1349434,3,2,2,2
1349699,2,2,2,2
1349873,2,1,1,1
1350545,4,3,3,3
1351475,5,4,3,4
1351569,1,1,1,1
1352079,4,3,3,3
1352181,2,2,1,2
1352709,3,2,2,2
1352842,4,3,2,3
1353185,2,2,1,2
1353210,2,1,1,1
1353279,1,1,1,1
1353714,3,2,2,2
1353801,4,3,3,3
1354623,4,3,3,3
1354686,1,1,1,1
1354807,4,3,2,3
1355221,1,1,1,1
1355390,5,4,3,4
1355593,3,3,2,3
1355660,2,2,1,2
1356130,1,1,1,1
1356338,3,2,2,2
1356480,5,4,3,4
1356574,1,1,1,1
1356601,4,4,3,4
1356625,4,3,2,3
1357023,2,1,1,1
1357335,3,3,2,3
1357740,1,1,1,1
1357861,2,2,1,2
1357925,5,4,3,4
1358002,5,4,3,4
1358078,3,3,2,3
1359063,5,4,3,4
1359113,4,4,3,4
1359442,3,2,2,2
1359723,2,1,1,1
1359757,4,3,3,3
1360546,3,2,2,2
1361014,5,4,3,4
1361143,2,2,2,2
1361808,2,2,2,2
1362688,4,3,2,3
1362951,3,2,2,2
1363092,2,1,1,1
1363114,4,3,2,3
1363117,1,1,1,1
1363149,1,1,1,1
1363357,4,3,3,3
1363848,2,2,1,2
1363901,1,1,1,1
1363926,4,4,3,4
1364098,4,3,3,3
1364332,2,2,2,2
1364652,1,1,1,1
1364734,1,1,1,1
1365102,4,3,3,3
1365222,2,2,2,2
1365229,3,3,2,3
1365279,5,4,3,4
1365453,4,3,3,3
1365687,3,2,2,2
1365698,3,3,2,3
1365740,4,3,3,3
1366074,2,2,2,2
1366400,4,3,3,3
1366429,4,3,2,3
1366460,5,4,3,4
1366613,3,2,2,2
1367199,3,2,2,2
1367320,3,3,2,3
1368705,1,1,1,1
1369120,5,4,3,4
1369297,2,2,1,2
1370393,2,2,2,2
1370984,5,4,3,4
1371917,2,1,1,1
1373029,3,3,2,3
1373261,1,1,1,1
1373445,5,4,3,4
1373742,2,2,2,2
1373748,2,2,2,2
1373796,3,2,2,2
1374299,3,2,2,2
1374632,4,3,3,3
1375301,1,1,1,1
1375976,3,2,2,2
1375990,4,3,3,3
1376727,4,3,2,3
1376888,1,1,1,1
1376924,3,2,2,2
1377145,4,3,3,3
1377545,4,4,3,4
1378618,1,1,1,1
1378746,3,2,2,2
1378824,5,4,3,4
1378988,2,2,2,2
1379065,3,2,2,2
1379185,4,3,3,3
1379238,1,1,1,1
1379686,3,3,2,3
1380712,2,1,1,1
1382065,4,3,3,3
1382675,5,4,3,4
1383144,4,4,3,4
1383987,4,3,2,3
1384534,4,3,3,3
1384756,3,3,2,3
1384842,2,2,2,2
1384858,3,2,2,2
1385035,2,2,1,2
1385059,4,4,3,4
1386506,3,2,2,2
1387343,2,2,2,2
1387397,5,4,3,4
1387436,4,4,3,4
1387567,3,3,2,3
1387646,4,3,3,3
1387850,3,3,2,3
1387919,2,2,1,2
1388114,5,4,3,4
1388212,4,4,3,4
1389008,3,3,2,3
1389048,1,1,1,1
1389085,4,4,3,4
1389141,1,1,1,1
1389984,1,1,1,1
1390346,4,3,3,3
1390837,1,1,1,1
1391051,3,2,2,2
1391901,5,4,3,4
1392549,3,2,2,2
1392644,3,2,2,2
1392873,1,1,1,1
1393404,5,4,3,4
1394252,1,1,1,1
1394339,2,1,1,1
1395113,5,4,3,4
1395117,3,3,2,3
1395263,5,4,3,4
1396089,5,4,3,4
1396966,4,3,2,3
1397009,1,1,1,1
1397888,3,3,2,3
1398244,1,1,1,1
1398295,3,2,2,2
1399098,5,4,3,4
1399486,4,3,2,3
1399550,5,4,3,4
1400035,5,4,3,4
1400195,5,4,3,4
1401272,4,3,2,3
1401448,2,2,2,2
1401675,5,4,3,4
1401707,5,4,3,4
1401798,4,3,3,3
1401986,1,1,1,1
1402170,2,1,1,1
1402356,3,3,2,3
1403004,4,3,3,3
1403049,1,1,1,1
1403256,5,4,3,4
1403490,2,2,2,2
1403637,2,2,1,2
1403857,4,4,3,4
1403972,1,1,1,1
1404230,3,2,2,2
1404252,2,2,2,2
1404464,2,1,1,1
1404779,2,1,1,1
1404865,2,1,1,1
1405052,2,1,1,1
1405275,4,4,3,4
1405942,4,3,2,3
1406308,3,3,2,3
1407017,2,1,1,1
1407143,1,1,1,1
1407891,1,1,1,1
1408459,5,4,3,4
1408870,4,3,3,3
1408934,5,4,3,4
1409016,3,2,2,2
1409271,2,2,1,2
1409538,4,3,2,3
1409669,2,2,1,2
1409766,5,4,3,4
1410825,4,4,3,4
1410838,4,3,3,3
1410903,5,4,3,4
1411556,2,1,1,1
1412915,5,4,3,4
1413019,3,2,2,2
1413073,4,3,2,3
1413582,4,4,3,4
1413921,3,3,2,3
1415253,4,3,3,3
1415675,3,3,2,3
1415877,1,1,1,1
1415925,5,4,3,4
1416160,2,2,1,2
1416323,1,1,1,1
1416494,5,4,3,4
1416513,5,4,3,4
1416579,4,3,2,3
1417253,3,2,2,2
1417578,3,2,2,2
1417587,4,3,2,3
1417741,3,2,2,2
1418317,2,1,1,1
1419014,5,4,3,4
1419392,2,2,1,2
1419537,2,1,1,1
1419696,5,4,3,4
1419834,5,4,3,4
1420077,3,2,2,2
1420135,1,1,1,1
1420405,3,3,2,3
1421023,2,2,2,2
1421236,1,1,1,1
1421784,3,2,2,2
1422840,4,4,3,4
1423202,2,2,2,2
1423211,5,4,3,4
1423309,1,1,1,1
1423383,4,4,3,4
1423394,2,2,2,2
1423430,4,4,3,4
1423729,4,3,3,3
1424264,2,1,1,1
1424666,1,1,1,1
1425133,4,3,3,3
1425428,3,3,2,3
1425469,5,4,3,4
1425781,2,2,1,2
1426011,5,4,3,4
1426301,3,3,2,3
1426495,2,2,1,2
1427007,1,1,1,1
1427272,4,3,3,3
1427279,4,3,2,3
1427539,4,3,2,3
1427849,1,1,1,1
1428979,2,1,1,1
1430163,5,4,3,4
1430208,5,4,3,4
1430500,4,3,2,3
1430591,5,4,3,4
1430664,4,4,3,4
1431174,1,1,1,1
1431329,4,4,3,4
1431345,3,2,2,2
1431382,1,1,1,1
1431562,4,4,3,4
1431681,4,3,3,3
1431854,5,4,3,4
1431882,3,2,2,2
1431954,4,4,3,4
1432633,5,4,3,4
1432734,4,3,2,3
1432738,1,1,1,1
1432870,3,2,2,2
1432883,4,4,3,4
1432928,4,3,3,3
1433031,3,3,2,3
1434268,2,1,1,1
1434364,2,1,1,1
1434987,3,3,2,3
1435339,1,1,1,1
1435491,2,1,1,1
1436195,3,3,2,3
1436300,5,4,3,4
1436860,4,4,3,4
1437030,5,4,3,4
1437044,1,1,1,1
1437252,4,3,3,3
1437361,1,1,1,1
1437676,5,4,3,4
1437776,2,2,2,2
1438030,2,1,1,1
1438609,5,4,3,4
1438690,4,4,3,4
1438762,1,1,1,1
1439075,4,3,3,3
1439557,5,4,3,4
1440002,5,4,3,4
1440041,4,4,3,4
1440195,2,2,2,2
1440448,4,3,3,3
1440688,4,3,3,3
1441056,3,3,2,3
1441236,3,3,2,3
1441501,1,1,1,1
1442545,4,3,2,3
1442849,4,3,2,3
1443008,4,3,2,3
1444124,4,3,3,3
1444126,5,4,3,4
1444149,4,4,3,4
1445236,4,3,3,3
1445552,1,1,1,1
1445916,2,2,2,2
1446061,2,2,2,2
1446084,5,4,3,4
1446144,3,2,2,2
1446924,2,2,1,2
1447180,3,2,2,2
1447446,5,4,3,4
1447799,5,4,3,4
1448106,1,1,1,1
1448114,2,2,1,2
1448196,1,1,1,1
1448416,4,3,2,3
1448607,5,4,3,4
1448745,3,3,2,3
1448866,5,4,3,4
1449110,1,1,1,1
1449548,1,1,1,1
1449689,4,3,3,3
1449705,3,3,2,3
1450210,1,1,1,1
1450754,2,2,2,2
1451015,4,4,3,4
1451391,3,3,2,3
1451856,5,4,3,4
1451966,4,3,2,3
1452069,2,2,1,2
1452181,4,3,2,3
1452247,4,4,3,4
1452322,1,1,1,1
1452629,3,3,2,3
1452688,3,3,2,3
1452850,2,2,2,2
1452861,2,2,2,2
1453582,2,1,1,1
1453744,3,2,2,2
1453921,2,2,2,2
1454455,5,4,3,4
1454798,1,1,1,1
1454945,5,4,3,4
1455471,1,1,1,1
1455491,4,3,2,3
1455891,3,2,2,2
1456097,1,1,1,1
1456136,2,2,2,2
1456811,2,2,1,2
1457141,4,4,3,4
1457476,4,3,2,3
1457997,4,3,2,3
1458046,2,2,2,2
1458124,1,1,1,1
1458159,2,2,2,2
1459099,1,1,1,1
1459105,3,2,2,2
1459723,5,4,3,4
1459907,1,1,1,1
1460614,1,1,1,1
1461451,2,2,2,2
1461603,1,1,1,1
1461637,2,2,1,2
1461933,3,2,2,2
1461951,1,1,1,1
1462056,3,3,2,3
1462087,2,1,1,1
1463347,3,3,2,3
1463388,3,2,2,2
1463480,4,4,3,4
1463525,5,4,3,4
1463665,4,3,3,3
1463914,2,1,1,1
1463933,4,3,3,3
1464003,5,4,3,4
1464053,3,3,2,3
1464188,3,2,2,2
1464190,4,3,2,3
1464700,3,2,2,2
1464715,4,3,3,3
1465506,5,4,3,4
1465956,4,3,2,3
1466291,3,3,2,3
1466383,3,3,2,3
1466452,1,1,1,1
1466521,1,1,1,1
1466777,4,3,2,3
1467295,5,4,3,4
1467453,1,1,1,1
1468747,5,4,3,4
1469226,2,2,1,2
1469703,2,1,1,1
1469964,2,2,1,2
1470032,2,2,1,2
1470181,3,2,2,2
1470314,2,2,1,2
1470446,2,2,1,2
1470686,2,2,2,2
1470942,2,2,2,2
1471691,4,3,2,3
1471998,2,1,1,1
1472157,1,1,1,1
1472313,4,4,3,4
1472502,5,4,3,4
1472876,4,3,3,3
1473214,3,3,2,3
1473564,3,3,2,3
1474447,4,4,3,4
1474544,3,3,2,3
1474831,2,2,1,2
1475132,2,2,1,2
1475251,1,1,1,1
1475252,2,1,1,1
1475463,1,1,1,1
1476345,5,4,3,4
1476357,2,2,2,2
1476480,1,1,1,1
1476675,5,4,3,4
1476982,5,4,3,4
1477138,4,3,3,3
1477947,5,4,3,4
1478214,2,1,1,1
1478462,5,4,3,4
1478469,3,3,2,3
1478841,4,3,2,3
1478927,3,2,2,2
1479548,2,2,1,2
1479551,5,4,3,4
1480405,5,4,3,4
1480616,4,3,3,3
1480663,4,4,3,4
1480823,2,1,1,1
1481286,2,2,2,2
1482163,3,3,2,3
1482175,1,1,1,1
1483010,1,1,1,1
1483142,4,3,3,3
1483159,5,4,3,4
1483257,4,4,3,4
1483660,5,4,3,4
1483769,5,4,3,4
1484595,3,3,2,3
1484600,4,4,3,4
1484934,3,3,2,3
1485065,5,4,3,4
1485701,2,2,2,2
1486278,5,4,3,4
1486322,3,3,2,3
1486416,2,2,1,2
1486460,2,2,2,2
1486609,2,2,2,2
1486827,1,1,1,1
1487645,4,3,2,3
1487885,2,1,1,1
1487892,5,4,3,4
1488501,4,3,3,3
1488714,2,2,2,2
1489257,4,4,3,4
1489489,2,2,2,2
1489592,4,4,3,4
1489852,5,4,3,4
1489934,3,3,2,3
1489974,3,3,2,3
1490589,5,4,3,4
1490623,5,4,3,4
1491259,1,1,1,1
1491424,1,1,1,1
1493313,2,1,1,1
1493443,1,1,1,1
1493681,4,3,2,3
1493981,3,3,2,3
1494479,1,1,1,1
1494707,4,3,2,3
1495037,3,2,2,2
1495092,3,3,2,3
1495553,3,2,2,2
1495805,1,1,1,1
1495844,5,4,3,4
1496242,2,2,1,2
1496632,2,1,1,1
1496868,3,3,2,3
1497258,5,4,3,4
1497372,2,2,1,2
1497596,1,1,1,1
1497756,2,2,2,2
1497929,4,3,2,3
1498119,1,1,1,1
1498344,4,3,3,3
1498834,1,1,1,1
1498983,5,4,3,4
1499382,5,4,3,4
1499932,5,4,3,4
1500426,4,3,2,3
1500478,1,1,1,1
1500708,2,1,1,1
1500839,4,3,2,3
1500874,4,4,3,4
1501050,5,4,3,4
1501400,5,4,3,4
1502421,4,3,3,3
1502530,5,4,3,4
1502555,3,3,2,3
1502820,2,2,1,2
1503510,3,2,2,2
1503731,2,2,2,2
1504080,1,1,1,1
1504247,1,1,1,1
1504364,4,3,3,3
1504692,2,1,1,1
1505223,1,1,1,1
1506056,4,4,3,4
1506830,5,4,3,4
1507006,1,1,1,1
1507129,4,4,3,4
1507308,2,2,2,2
